@delta,camera_id,suburb,street,offence_location,postcode,last_annual_test,last_annual_test_sortable,camera_type,certificate,site_type,reason,link,latitude,longitude,intersects_with,expiry_date,lga,commissioned_date,description,network,status,DJCS Comments,location
0,A00,Fitzroy North,Alexandra Parade,"Alexandra Parade, at the intersection of Alexandra Parade and Smith Street, Fitzroy North",3068,16/01/2026,16/01/2026,Fixed Camera,https://content.vic.gov.au/sites/default/files/2026-02/A00-fitzroy-north-intersection-of-alexandra-parade-and-smith-street-camera-cert-160126.pdf,Intersection,Demonstrated accident risk,https://www.vic.gov.au/find-road-safety-camera,-37.793722,144.985021,Smith Street,16/01/2027,,,"Fixed road safety cameras may detect one or more of the following offences: speed, red light, unregistered vehicles. Please note: Due to required performance analysis and administrative checks, up to date camera test/compliance certificates may take up to 3 weeks to upload.",,commissioned,,"-37.793722,144.985021"
3,A06,Wantirna,Boronia Road,"Boronia Road, at the intersection of Boronia Road and Wantirna Road, Wantirna",3152,29/01/2026,29/01/2026,Fixed Camera,https://content.vic.gov.au/sites/default/files/2026-02/A06-wantirna-intersection-of-boronia-road-and-wantirna-road-camera-cert-290126-.pdf,Intersection,Demonstrated accident risk,https://www.vic.gov.au/find-road-safety-camera,-37.847742,145.227402,Wantirna Road,29/01/2027,,,"Fixed road safety cameras may detect one or more of the following offences: speed, red light, unregistered vehicles. Please note: Due to required performance analysis and administrative checks, up to date camera test/compliance certificates may take up to 3 weeks to upload.",,commissioned,,"-37.847742,145.227402"
15,A23,Cheltenham,Park Road,"Park Road, at the intersection of Park Road and Charman Road, Cheltenham",3192,7/08/2026,7/08/2025,Fixed Camera,https://content.vic.gov.au/sites/default/files/2026-09/A23-cheltenham-intersection-of-park-road-and-charman-road-camera-cert-070826.pdf,Intersection,Demonstrated accident risk,https://www.vic.gov.au/find-road-safety-camera,-37.965441,145.055824,Charman Road,7/08/2027,,,"Fixed road safety cameras may detect one or more of the following offences: speed, red light, unregistered vehicles. Please note: Due to required performance analysis and administrative checks, up to date camera test/compliance certificates may take up to 3 weeks to upload.",,commissioned,,"-37.965441,145.055824"
18,A37,Yarraville,Somerville Road,"Somerville Road, at the intersection of Somerville Road and Geelong Road, Yarraville",3013,11/03/2026,11/03/2026,Fixed Camera,https://content.vic.gov.au/sites/default/files/2026-04/A37-yarraville-intersection-of-somerville-road-and-geelong-road-camera-cert-110326.pdf,Intersection,Demonstrated accident risk,https://www.vic.gov.au/find-road-safety-camera,-37.8112821,144.8699263,Geelong Road,11/03/2027,,,"Fixed road safety cameras may detect one or more of the following offences: speed, red light, unregistered vehicles. Please note: Due to required performance analysis and administrative checks, up to date camera test/compliance certificates may take up to 3 weeks to upload.",,commissioned,,"-37.8112821,144.8699263"
27,A50,Collingwood,Johnston Street,"Johnston Street, at the intersection of Johnston Street and Wellington Street, Collingwood",3066,10/08/2026,12/08/2025,Fixed Camera,https://content.vic.gov.au/sites/default/files/2026-09/A50-collingwood-intersection-of-johnston-street-and-wellington-street-camera-cert-100826.pdf,Intersection,Demonstrated accident risk,https://www.vic.gov.au/find-road-safety-camera,-37.7992148,144.9872066,Wellington Street,10/08/2027,,,"Fixed road safety cameras may detect one or more of the following offences: speed, red light, unregistered vehicles. Please note: Due to required performance analysis and administrative checks, up to date camera test/compliance certificates may take up to 3 weeks to upload.",,commissioned,Coming up,"-37.7992148,144.9872066"
29,A55,Norlane,The Boulevard,"The Boulevard, at the intersection of The Boulevard and Melbourne Road, Norlane",3214,2/09/2025,2/09/2025,Fixed Camera,https://content.vic.gov.au/sites/default/files/2025-09/A55-the-boulevard-intersection-of-the-boulevard-and-melbourne-road-norlane-camera-cert-020925.pdf,Intersection,Demonstrated accident risk,https://www.vic.gov.au/find-road-safety-camera,-38.0987405,144.3547511,Melbourne Road,2/09/2026,,,"Fixed road safety cameras may detect one or more of the following offences: speed, red light, unregistered vehicles. Please note: Due to required performance analysis and administrative checks, up to date camera test/compliance certificates may take up to 3 weeks to upload.",,commissioned,,"-38.0987405,144.3547511"
31,A57,Wantirna,Mountain Highway,"Mountain Highway, at the intersection of Mountain Highway and Wantirna Road, Wantirna",3152,22/09/2025,22/09/2025,Fixed Camera,https://content.vic.gov.au/sites/default/files/2025-12/A57-wantirna-mountain-highway-intersection-of-mountain-highway-and-wantirna-road-camera-cert-220925.pdf,Intersection,Demonstrated accident risk,https://www.vic.gov.au/find-road-safety-camera,-37.8489151,145.2271047,Wantirna Road,22/09/2026,,,"Fixed road safety cameras may detect one or more of the following offences: speed, red light, unregistered vehicles. Please note: Due to required performance analysis and administrative checks, up to date camera test/compliance certificates may take up to 3 weeks to upload.",,commissioned,,"-37.8489151,145.2271047"
33,A60,Armadale,Dandenong Road,"Dandenong Road, at the intersection of Dandenong Road and Kooyong Road, Armadale",3143,20/03/2026,20/03/2026,Fixed Camera,https://content.vic.gov.au/sites/default/files/2026-05/A60-amadale-intersection-of-kooyong-road-and-dandenong-road-camera-cert-200326.pdf,Intersection,Demonstrated accident risk,https://www.vic.gov.au/find-road-safety-camera,-37.862464,145.019342,Kooyong Road,20/03/2027,,,"Fixed road safety cameras may detect one or more of the following offences: speed, red light, unregistered vehicles. Please note: Due to required performance analysis and administrative checks, up to date camera test/compliance certificates may take up to 3 weeks to upload.",,commissioned,,"-37.862464,145.019342"
45,B01,West Melbourne,King Street,"King Street, at the intersection of King Street and Hawke Street, West Melbourne",3003,19/11/2025,19/11/2025,Fixed Camera,https://content.vic.gov.au/sites/default/files/2025-12/B01-west-melbourne-king-street-intersection-of-king-street-and-hawke-street-camera-cert-191125.pdf,Intersection,Demonstrated accident risk,https://www.vic.gov.au/find-road-safety-camera,-37.805611,144.948809,Hawke Street,19/11/2026,,,"Fixed road safety cameras may detect one or more of the following offences: speed, red light, unregistered vehicles. Please note: Due to required performance analysis and administrative checks, up to date camera test/compliance certificates may take up to 3 weeks to upload.",,commissioned,,"-37.805611,144.948809"
47,B10,Box Hill,Whitehorse Road,"Whitehorse Road, at the intersection of Whitehorse Road and Elgar Road, Box Hill",3128,27/01/2026,27/01/2026,Fixed Camera,https://content.vic.gov.au/sites/default/files/2026-02/B10-box-hill-intersection-of-whitehorse-road-and-elgar-road-camera-cert-270126.pdf,Intersection,Demonstrated accident risk,https://www.vic.gov.au/find-road-safety-camera,-37.816986,145.115216,Elgar Road,27/01/2027,,,"Fixed road safety cameras may detect one or more of the following offences: speed, red light, unregistered vehicles. Please note: Due to required performance analysis and administrative checks, up to date camera test/compliance certificates may take up to 3 weeks to upload.",,commissioned,,"-37.816986,145.115216"
51,B20,Brighton East,Thomas Street,"Thomas Street, at the intersection of Thomas Street and North Road, Brighton East",3187,2/02/2026,2/02/2026,Fixed Camera,https://content.vic.gov.au/sites/default/files/2026-02/B20-brighton-east-intersection-of-thomas-street-and-north-road-camera-cert-020226.pdf,Intersection,Demonstrated accident risk,https://www.vic.gov.au/find-road-safety-camera,-37.902339,145.025924,North Road,2/02/2027,,,"Fixed road safety cameras may detect one or more of the following offences: speed, red light, unregistered vehicles. Please note: Due to required performance analysis and administrative checks, up to date camera test/compliance certificates may take up to 3 weeks to upload.",,commissioned,,"-37.902339,145.025924"
67,C13,East Melbourne,Nicholson Street,"Nicholson Street, at the intersection of Nicholson Street and Albert Street, East Melbourne",3002,23/07/2026,23/07/2026,Fixed Camera,https://content.vic.gov.au/sites/default/files/2025-08/C13_east_melbourne_nicholson_street_intersection_of_nicholson_street_and-albert_street_camera_cert_240725.pdf,Intersection,Demonstrated accident risk,https://www.vic.gov.au/find-road-safety-camera,-37.8093999,144.972828,Albert Street,23/07/2027,,,"Fixed road safety cameras may detect one or more of the following offences: speed, red light, unregistered vehicles. Please note: Due to required performance analysis and administrative checks, up to date camera test/compliance certificates may take up to 3 weeks to upload.",,commissioned,,"-37.8093999,144.972828"
69,C15,Blackburn,Whitehorse Road,"Whitehorse Road, at the intersection of Whitehorse Road and Surrey Road, Blackburn",3130,3/03/2026,3/03/2026,Fixed Camera,https://content.vic.gov.au/sites/default/files/2026-03/C15-blackburn-intersection-of-whitehorse-road-and-surrey-road-camera-cert-030326.pdf,Intersection,Demonstrated accident risk,https://www.vic.gov.au/find-road-safety-camera,-37.81768,145.15608,Surrey Road,3/03/2027,,,"Fixed road safety cameras may detect one or more of the following offences: speed, red light, unregistered vehicles. Please note: Due to required performance analysis and administrative checks, up to date camera test/compliance certificates may take up to 3 weeks to upload.",,commissioned,GBU Upgrade,"-37.81768,145.15608"
71,C17,Burwood East,Blackburn Road,"Blackburn Road, at the intersection of Blackburn Road and Burwood Highway, Burwood East",3151,10/11/2025,10/11/2025,Fixed Camera,https://content.vic.gov.au/sites/default/files/2025-11/C17-blackburn-road-intersection-of-blackburn-road-and-burwood-highway-burwood-east-camera-cert-101125.pdf,Intersection,Demonstrated accident risk,https://www.vic.gov.au/find-road-safety-camera,-37.852394,145.152098,Burwood Highway,10/11/2026,,,"Fixed road safety cameras may detect one or more of the following offences: speed, red light, unregistered vehicles. Please note: Due to required performance analysis and administrative checks, up to date camera test/compliance certificates may take up to 3 weeks to upload.",,commissioned,,"-37.852394,145.152098"
74,C21,West Melbourne,LaTrobe Street,"LaTrobe Street, at the intersection of LaTrobe Street and Spencer Street, West Melbourne",3003,2/10/2025,2/10/2025,Fixed Camera,https://content.vic.gov.au/sites/default/files/2025-10/C21-west-melbourne-latrobe-street-intersection-of-latrobe-street-and-spencer-street-camera-cert-021025.pdf,Intersection,Demonstrated accident risk,https://www.vic.gov.au/find-road-safety-camera,-37.813172,144.951185,Spencer Street,2/10/2026,,,"Fixed road safety cameras may detect one or more of the following offences: speed, red light, unregistered vehicles. Please note: Due to required performance analysis and administrative checks, up to date camera test/compliance certificates may take up to 3 weeks to upload.",,commissioned,,"-37.813172,144.951185"
80,C35,Maidstone,Ashley Street,"Ashley Street, at the intersection of Ashley Street and Churchill Avenue, Maidstone",3012,13/11/2025,13/11/2025,Fixed Camera,https://content.vic.gov.au/sites/default/files/2025-11/C35-maidstone-ashley-street-intersection-of-ashley-street-and-churchill-avenue-camera-cert-131125.pdf,Intersection,Demonstrated accident risk,https://www.vic.gov.au/find-road-safety-camera,-37.786451,144.864494,Churchill Avenue,13/11/2026,,,"Fixed road safety cameras may detect one or more of the following offences: speed, red light, unregistered vehicles. Please note: Due to required performance analysis and administrative checks, up to date camera test/compliance certificates may take up to 3 weeks to upload.",,commissioned,,"-37.786451,144.864494"
81,CBA,Southbank,Burnley Tunnel,"Burnley Tunnel, Southbank, approximately 430 metres after the tunnel entrance",3006,30/01/2026,30/01/2026,Fixed Camera,https://content.vic.gov.au/sites/default/files/2026-02/CBA-southbank-burnley-camera-cert-300126.pdf,Highway,Demonstrated accident risk,https://www.vic.gov.au/find-road-safety-camera,-37.8247008,144.9717236,approximately 430 metres after the tunnel entrance,30/01/2027,,,"Fixed road safety cameras may detect one or more of the following offences: speed, red light, unregistered vehicles. Please note: Due to required performance analysis and administrative checks, up to date camera test/compliance certificates may take up to 3 weeks to upload.",,commissioned,,"-37.8247008,144.9717236"
82,CBC,Cremorne,Burnley Tunnel,"Burnley Tunnel, Cremorne, approximately 2140 metres after the tunnel entrance",3121,30/01/2026,30/01/2026,Fixed Camera,https://content.vic.gov.au/sites/default/files/2026-02/CBC-cremorne-burnley-camera-cert-300126.pdf,Highway,Demonstrated accident risk,https://www.vic.gov.au/find-road-safety-camera,-37.8260567,144.994297,approximately 2140 metres after the tunnel entrance,30/01/2027,,,"Fixed road safety cameras may detect one or more of the following offences: speed, red light, unregistered vehicles. Please note: Due to required performance analysis and administrative checks, up to date camera test/compliance certificates may take up to 3 weeks to upload.",,commissioned,,"-37.8260567,144.994297"
84,CDB,Southbank,Domain Tunnel,"Domain Tunnel, Southbank, approximately 1195 metres after the tunnel entrance ",3006,3/02/2026,3/02/2026,Fixed Camera,https://content.vic.gov.au/sites/default/files/2026-02/CDB-southbank-domain-camera-cert-030226.pdf,Highway,Demonstrated accident risk,https://www.vic.gov.au/find-road-safety-camera,-37.8251414,144.9711657,approximately 1195 metres after the tunnel entrance ,3/02/2027,,,"Fixed road safety cameras may detect one or more of the following offences: speed, red light, unregistered vehicles. Please note: Due to required performance analysis and administrative checks, up to date camera test/compliance certificates may take up to 3 weeks to upload.",,commissioned,,"-37.8251414,144.9711657"
90,D07,Melbourne,Punt Road,"Punt Road, at the intersection of Punt Road and Commercial Road, Melbourne",3000,3/09/2025,3/09/2025,Fixed Camera,https://content.vic.gov.au/sites/default/files/2026-05/D07-melbourne-intersection-of-punt-rd-commercial-rd-camera-cert-030925.pdf,Intersection,Demonstrated accident risk,https://www.vic.gov.au/find-road-safety-camera,-37.845816,144.98496,Commercial Road,3/09/2026,,,"Fixed road safety cameras may detect one or more of the following offences: speed, red light, unregistered vehicles. Please note: Due to required performance analysis and administrative checks, up to date camera test/compliance certificates may take up to 3 weeks to upload.",,commissioned,,"-37.845816,144.98496"
96,D14,Cranbourne North,South Gippsland Highway,"South Gippsland Highway, at the intersection of South Gippsland Highway and Thompsons Road, Cranbourne North",3977,17/03/2026,17/03/2026,Fixed Camera,https://content.vic.gov.au/sites/default/files/2026-04/D14KM-cranbourne-north-intersection-of-south-gippsland-hwy-and-thompsons-rd-camera-cert-170326.pdf,Intersection,Demonstrated accident risk,https://www.vic.gov.au/find-road-safety-camera,-38.082092,145.276518,Thompsons Road,17/03/2027,,,"Fixed road safety cameras may detect one or more of the following offences: speed, red light, unregistered vehicles. Please note: Due to required performance analysis and administrative checks, up to date camera test/compliance certificates may take up to 3 weeks to upload.",,commissioned,,"-38.082092,145.276518"
100,D18,Lake Gardens,Sturt Street,"Sturt Street, at the intersection of Sturt Street and Gillies Street, Lake Gardens",3355,6/01/2026,6/01/2026,Fixed Camera,https://content.vic.gov.au/sites/default/files/2026-01/D18-lake-gardens-intersection-of-sturt-st-and-gillies-st-camera-cert-060126.pdf,Intersection,Demonstrated accident risk,https://www.vic.gov.au/find-road-safety-camera,-37.555634,143.818863,Gillies Street,6/01/2027,,,"Fixed road safety cameras may detect one or more of the following offences: speed, red light, unregistered vehicles. Please note: Due to required performance analysis and administrative checks, up to date camera test/compliance certificates may take up to 3 weeks to upload.",,commissioned,,"-37.555634,143.818863"
102,D20,Mildura,Fifteenth Street,"Fifteenth Street, at the intersection of Fifteenth Street and San Mateo Avenue, Mildura",3500,1/12/2025,1/12/2025,Fixed Camera,https://content.vic.gov.au/sites/default/files/2025-12/D20-mildura-fifteenth-street-intersection-of-fifteenth-street-and-san-mateo-ave-camera-cert-011225.pdf,Intersection,Demonstrated accident risk,https://www.vic.gov.au/find-road-safety-camera,-34.210806,142.141282,San Mateo Avenue,1/12/2026,,,"Fixed road safety cameras may detect one or more of the following offences: speed, red light, unregistered vehicles. Please note: Due to required performance analysis and administrative checks, up to date camera test/compliance certificates may take up to 3 weeks to upload.",,commissioned,,"-34.210806,142.141282"
109,D26W,Doveton,Heatherton Road,"Heatherton Road, at the intersection of Heatherton Road and Monash Freeway, Doveton",3177,24/08/2026,24/08/2026,Fixed Camera,https://content.vic.gov.au/sites/default/files/2026-09/D26W-doveton-intersection-of-heatherton-rd-and-monash-fwy-camera-cert-24082026.pdf,Intersection,Demonstrated accident risk,https://www.vic.gov.au/find-road-safety-camera,-37.972529,145.23677,Monash Freeway,24/08/2027,,,"Fixed road safety cameras may detect one or more of the following offences: speed, red light, unregistered vehicles. Please note: Due to required performance analysis and administrative checks, up to date camera test/compliance certificates may take up to 3 weeks to upload.",,commissioned,,"-37.972529,145.23677"
111,D28,Melbourne,Olympic Boulevard,"Olympic Boulevard, at the intersection of Olympic Boulevard and Batman Avenue, Melbourne",3000,31/07/2026,30/07/2025,Fixed Camera,https://content.vic.gov.au/sites/default/files/2026-09/D28-melbourne-intersection-of-swan-st-and-batman-ave-camera-cert-310726.pdf,Intersection,Demonstrated accident risk,https://www.vic.gov.au/find-road-safety-camera,-37.8234,144.978863,Batman Avenue,31/07/2027,,,"Fixed road safety cameras may detect one or more of the following offences: speed, red light, unregistered vehicles. Please note: Due to required performance analysis and administrative checks, up to date camera test/compliance certificates may take up to 3 weeks to upload.",,commissioned,,"-37.8234,144.978863"
115,D32,Taylors Lakes,Kings Road,"Kings Road, at the intersection of Kings Road and Melton Highway, Taylors Lakes",3038,27/10/2025,27/10/2025,Fixed Camera,https://content.vic.gov.au/sites/default/files/2025-11/D32-taylors-lakes-intersection-of-kings-road-and-melton-highway-camera-cert-271025.pdf,Intersection,Demonstrated accident risk,https://www.vic.gov.au/find-road-safety-camera,-37.697554,144.781111,Melton Highway,27/10/2026,,,"Fixed road safety cameras may detect one or more of the following offences: speed, red light, unregistered vehicles. Please note: Due to required performance analysis and administrative checks, up to date camera test/compliance certificates may take up to 3 weeks to upload.",,commissioned,,"-37.697554,144.781111"
123,D39,Thomastown,Mahoneys Road,"Mahoneys Road, at the intersection of Mahoneys Road and High Street, Thomastown",3074,22/09/2025,22/09/2025,Fixed Camera,https://content.vic.gov.au/sites/default/files/2025-12/D39-intersection-of-mahoneys-rd-and-high-st-thomastown-camera-cert-220925.pdf,Intersection,Demonstrated accident risk,https://www.vic.gov.au/find-road-safety-camera,-37.694746,145.011194,High Street,22/09/2026,,,"Fixed road safety cameras may detect one or more of the following offences: speed, red light, unregistered vehicles. Please note: Due to required performance analysis and administrative checks, up to date camera test/compliance certificates may take up to 3 weeks to upload.",,commissioned,,"-37.694746,145.011194"
135,D47S,Bundoora,Plenty Road,"Plenty Road, at the intersection of Plenty Road and Kingsbury Drive, Bundoora",3083,4/12/2025,4/12/2025,Fixed Camera,https://content.vic.gov.au/sites/default/files/2025-12/D47S-intersection-of-plenty-rd-and-kingsbury-dr-bundoora-camera-cert-041225.pdf,Intersection,Demonstrated accident risk,https://www.vic.gov.au/find-road-safety-camera,-37.716896,145.043192,Kingsbury Drive,4/12/2026,,,"Fixed road safety cameras may detect one or more of the following offences: speed, red light, unregistered vehicles. Please note: Due to required performance analysis and administrative checks, up to date camera test/compliance certificates may take up to 3 weeks to upload.",,commissioned,,"-37.716896,145.043192"
137,D49,West Melbourne,King Street,"King Street, at the intersection of King Street and Latrobe Street, West Melbourne",3000,2/07/2026,2/07/2026,Fixed Camera,https://content.vic.gov.au/sites/default/files/2026-07/D49-west-melbourne-southbound-intersection-king-street-and-la-trobe-street-camera-cert-020726.pdf,Intersection,Demonstrated accident risk,https://www.vic.gov.au/find-road-safety-camera,-37.812296,144.953907,Latrobe Street,2/07/2027,,,"Fixed road safety cameras may detect one or more of the following offences: speed, red light, unregistered vehicles. Please note: Due to required performance analysis and administrative checks, up to date camera test/compliance certificates may take up to 3 weeks to upload.",,commissioned,,"-37.812296,144.953907"
139,D50S,Heidelberg,Rosanna Road,"Rosanna Road, at the intersection of Rosanna Road and Darebin Street, Heidelberg",3084,24/03/2026,24/03/2026,Fixed Camera,https://content.vic.gov.au/sites/default/files/2026-04/D50S-heidelberg-intersection-of-rosanna-road-and-darebin-street-southbound-camera-cert-240326.pdf,Intersection,Demonstrated accident risk,https://www.vic.gov.au/find-road-safety-camera,-37.754495,145.070067,Darebin Street,24/03/2027,,,"Fixed road safety cameras may detect one or more of the following offences: speed, red light, unregistered vehicles. Please note: Due to required performance analysis and administrative checks, up to date camera test/compliance certificates may take up to 3 weeks to upload.",,commissioned,,"-37.754495,145.070067"
149,D61,Keysborough,Dandenong Bypass,"Dandenong Bypass, at the intersection of Dandenong Bypass and Perry Road, Keysborough",3173,18/03/2026,18/03/2026,Fixed Camera,https://content.vic.gov.au/sites/default/files/2026-04/D61-keysborough-dandenong-bypass-perry-street-camera-cert-180326.pdf,Intersection,Demonstrated accident risk,https://www.vic.gov.au/find-road-safety-camera,-37.999003,145.174242,Perry Road,18/03/2027,,,"Fixed road safety cameras may detect one or more of the following offences: speed, red light, unregistered vehicles. Please note: Due to required performance analysis and administrative checks, up to date camera test/compliance certificates may take up to 3 weeks to upload.",,commissioned,,"-37.999003,145.174242"
151,D63,Narre Warren,Narre Warren North Road,"Narre Warren North Road, at the intersection of Narre Warren North Road and Princes Highway, Narre Warren",3805,20/11/2025,20/11/2025,Fixed Camera,https://content.vic.gov.au/sites/default/files/2025-12/D63KM-narre-warren-narre-warren-north-road-at-the-intersection-of-narre-warren-north-road-and-princes-highway-camera-cert-201125.pdf,Intersection,Demonstrated accident risk,https://www.vic.gov.au/find-road-safety-camera,-38.026143,145.306872,Princes Highway,20/11/2026,,,"Fixed road safety cameras may detect one or more of the following offences: speed, red light, unregistered vehicles. Please note: Due to required performance analysis and administrative checks, up to date camera test/compliance certificates may take up to 3 weeks to upload.",,commissioned,,"-38.026143,145.306872"
152,D64,Epping,Cooper Street,"Cooper Street, at the intersection of Cooper Street and Edgards Road, Epping",3076,19/03/2026,19/03/2026,Fixed Camera,https://content.vic.gov.au/sites/default/files/2026-04/D64-epping-intersection-of-cooper-street-and-edgards-road-camera-cert-190326.pdf,Intersection,Demonstrated accident risk,https://www.vic.gov.au/find-road-safety-camera,-37.64969801,145.0053838,Edgards Road,19/03/2027,,,"Fixed road safety cameras may detect one or more of the following offences: speed, red light, unregistered vehicles. Please note: Due to required performance analysis and administrative checks, up to date camera test/compliance certificates may take up to 3 weeks to upload.",,commissioned,,"-37.64969801,145.0053838"
157,D71,Beaufort,Neill Street,"Neill Street, at the intersection of Neill Street and Lawrence Street, Beaufort",3373,6/11/2025,6/11/2025,Fixed Camera,https://content.vic.gov.au/sites/default/files/2024-12/D71_Beaufort_Neill_Street_Intersection_of_Neill_Street_And_Lawrence_Street_Beaufort_camera_cert_04112024.pdf,Intersection,Demonstrated accident risk,https://www.vic.gov.au/find-road-safety-camera,-37.429841,143.383625,Lawrence Street,6/11/2026,,,"Fixed road safety cameras may detect one or more of the following offences: speed, red light, unregistered vehicles. Please note: Due to required performance analysis and administrative checks, up to date camera test/compliance certificates may take up to 3 weeks to upload.",,commissioned,,"-37.429841,143.383625"
170,D83,Springvale,Police Road,"Police Road, at the intersection of Police Road and Princes Highway, Springvale",3171,20/01/2026,20/01/2026,Fixed Camera,https://content.vic.gov.au/sites/default/files/2026-02/D83-springvale-intersection-of-police-road-and-princes-highway-camera-cert-200126.pdf,Intersection,Demonstrated accident risk,https://www.vic.gov.au/find-road-safety-camera,-37.93337568,145.1573821,Princes Highway,20/01/2027,,,"Fixed road safety cameras may detect one or more of the following offences: speed, red light, unregistered vehicles. Please note: Due to required performance analysis and administrative checks, up to date camera test/compliance certificates may take up to 3 weeks to upload.",,commissioned,,"-37.93337568,145.1573821"
172,D85,Mulgrave,Princes Highway,"Princes Highway, at the intersection of Princes Highway and Springvale Road, Mulgrave",3170,10/09/2025,10/09/2025,Fixed Camera,https://content.vic.gov.au/sites/default/files/2025-09/D85-Princes-Highway-intersection-of-Princes-Highway-and-Springvale-Road-Mulgrave_camera-cert-100925.pdf,Intersection,Demonstrated accident risk,https://www.vic.gov.au/find-road-safety-camera,-37.932141,145.155741,Springvale Road,10/09/2026,,,"Fixed road safety cameras may detect one or more of the following offences: speed, red light, unregistered vehicles. Please note: Due to required performance analysis and administrative checks, up to date camera test/compliance certificates may take up to 3 weeks to upload.",,commissioned,,"-37.932141,145.155741"
173,D86E,Hillside,Melon Highway,"Melon Highway, at the intersection of Melon Highway and The Parks, Hillside",3037,3/08/2026,3/08/2026,Fixed Camera,https://content.vic.gov.au/sites/default/files/2025-08/D86E_hillside_melton_highway_and_the_parks_camera_cert_010825.pdf,Intersection,Demonstrated accident risk,https://www.vic.gov.au/find-road-safety-camera,-37.69182059,144.7442507,The Parks,3/08/2027,,,"Fixed road safety cameras may detect one or more of the following offences: speed, red light, unregistered vehicles. Please note: Due to required performance analysis and administrative checks, up to date camera test/compliance certificates may take up to 3 weeks to upload.",,commissioned,,"-37.69182059,144.7442507"
185,F04,Box Hill,Canterbury Road,"Canterbury Road, at the intersection of Canterbury Road and Station Street, Box Hill",3128,19/03/2026,19/03/2026,Fixed Camera,https://content.vic.gov.au/sites/default/files/2026-04/F04-canterbury-rd-intersection-of-canterbury-rd-and-station-st-box-hill-camera-cert-190326.pdf,Intersection,Demonstrated accident risk,https://www.vic.gov.au/find-road-safety-camera,-37.828684,145.121675,Station Street,19/03/2027,,,"Fixed road safety cameras may detect one or more of the following offences: speed, red light, unregistered vehicles. Please note: Due to required performance analysis and administrative checks, up to date camera test/compliance certificates may take up to 3 weeks to upload.",,commissioned,,"-37.828684,145.121675"
191,F10,Maidstone,Ballarat Road,"Ballarat Road, at the intersection of Ballarat Road and Churchill Avenue, Maidstone",3275,24/10/2025,24/10/2025,Fixed Camera,https://content.vic.gov.au/sites/default/files/2025-11/F10-maidstone-ballarat-road-intersection-of-ballarat-road-camera-cert-241025.pdf,Intersection,Demonstrated accident risk,https://www.vic.gov.au/find-road-safety-camera,-37.782965,144.869108,Churchill Avenue,24/10/2026,,,"Fixed road safety cameras may detect one or more of the following offences: speed, red light, unregistered vehicles. Please note: Due to required performance analysis and administrative checks, up to date camera test/compliance certificates may take up to 3 weeks to upload.",,commissioned,,"-37.782965,144.869108"
195,F13,Prahran,Punt Road,"Punt Road, at the intersection of Punt Road and High Street, Prahran",3181,17/11/2025,17/11/2025,Fixed Camera,https://content.vic.gov.au/sites/default/files/2025-12/F13-prahran-intersection-of-punt-road-and-high-street-camera-cert-171125.pdf,Intersection,Demonstrated accident risk,https://www.vic.gov.au/find-road-safety-camera,-37.850546,144.984256,High Street,17/11/2026,,,"Fixed road safety cameras may detect one or more of the following offences: speed, red light, unregistered vehicles. Please note: Due to required performance analysis and administrative checks, up to date camera test/compliance certificates may take up to 3 weeks to upload.",,commissioned,,"-37.850546,144.984256"
201,F19,Footscray,Geelong Road,"Geelong Road, at the intersection of Geelong Road and Droop Street, Footscray",3011,11/12/2025,11/12/2025,Fixed Camera,https://content.vic.gov.au/sites/default/files/2026-04/F19-footscray-intersection-of-geelong-rd-and-droop-st-camera-cert-111225.pdf,Intersection,Demonstrated accident risk,https://www.vic.gov.au/find-road-safety-camera,-37.796514,144.896776,Droop Street,11/12/2026,,,"Fixed road safety cameras may detect one or more of the following offences: speed, red light, unregistered vehicles. Please note: Due to required performance analysis and administrative checks, up to date camera test/compliance certificates may take up to 3 weeks to upload.",,commissioned,,"-37.796514,144.896776"
206,F22,Kingsville,Geelong Street,"Geelong Street, at the intersection of Geelong Street and Geelong Road, Kingsville",3012,24/02/2026,24/02/2026,Fixed Camera,https://content.vic.gov.au/sites/default/files/2026-03/F22-geelong-st-intersection-of-geelong-st-and-geelong-rd-kingsville-camera-cert-240226.pdf,Intersection,Demonstrated accident risk,https://www.vic.gov.au/find-road-safety-camera,-37.804179,144.882887,Geelong Road,24/02/2027,,,"Fixed road safety cameras may detect one or more of the following offences: speed, red light, unregistered vehicles. Please note: Due to required performance analysis and administrative checks, up to date camera test/compliance certificates may take up to 3 weeks to upload.",,commissioned,,"-37.804179,144.882887"
213,F27,Cheltenham,Warrigal Road,"Warrigal Road, at the intersection of Warrigal Road and Centre Dandenong Road, Cheltenham",3192,19/02/2026,19/02/2026,Fixed Camera,https://content.vic.gov.au/sites/default/files/2026-05/F27-cheltenham-intersection-of-warrigal-road-centre-dandenong-road-camera-cert-190226.pdf,Intersection,Demonstrated accident risk,https://www.vic.gov.au/find-road-safety-camera,-37.967516,145.074244,Centre Dandenong Road,19/02/2027,,,"Fixed road safety cameras may detect one or more of the following offences: speed, red light, unregistered vehicles. Please note: Due to required performance analysis and administrative checks, up to date camera test/compliance certificates may take up to 3 weeks to upload.",,commissioned,Coming up,"-37.967516,145.074244"
216,F30,Kensington,Epsom Road,"Epsom Road, at the intersection of Epsom Road and Smithfield Road, Kensington",3031,4/06/2025,4/06/2025,Fixed Camera,https://content.vic.gov.au/sites/default/files/2025-06/F30_Kensington_intersection-of-epsom-road-and-smithfield-road_camera-cert_040625.pdf,Intersection,Demonstrated accident risk,https://www.vic.gov.au/find-road-safety-camera,-37.789014,144.922838,Smithfield Road,4/06/2026,,,"Fixed road safety cameras may detect one or more of the following offences: speed, red light, unregistered vehicles. Please note: Due to required performance analysis and administrative checks, up to date camera test/compliance certificates may take up to 3 weeks to upload.",,commissioned,,"-37.789014,144.922838"
219,F33,Mulgrave,Springvale Road,"Springvale Road, at the intersection of Springvale Road and Wellington Road, Mulgrave",3170,29/04/2026,29/04/2026,Fixed Camera,https://content.vic.gov.au/sites/default/files/2026-05/F33-mulgrave-springvale-rd-intersection-of-springvale-rd-and-wellington-rd-camera-cert-290426.pdf,Intersection,Demonstrated accident risk,https://www.vic.gov.au/find-road-safety-camera,-37.918786,145.158563,Wellington Road,29/04/2027,,,"Fixed road safety cameras may detect one or more of the following offences: speed, red light, unregistered vehicles. Please note: Due to required performance analysis and administrative checks, up to date camera test/compliance certificates may take up to 3 weeks to upload.",,commissioned,,"-37.918786,145.158563"
221,F34E,Preston,Bell Street,"Bell Street, at the intersection of Bell Street and Gilbert Road, Preston",3072,19/03/2026,19/03/2026,Fixed Camera,https://content.vic.gov.au/sites/default/files/2024-12/F34E-Preston-intersection-bell-street-and-gilbert-road-camera-cert-13112024.pdf,Intersection,Demonstrated accident risk,https://www.vic.gov.au/find-road-safety-camera,-37.743676,144.989028,Gilbert Road,19/03/2027,,,"Fixed road safety cameras may detect one or more of the following offences: speed, red light, unregistered vehicles. Please note: Due to required performance analysis and administrative checks, up to date camera test/compliance certificates may take up to 3 weeks to upload.",,commissioned,,"-37.743676,144.989028"
226,F39,Wantirna South,Burwood Highway,"Burwood Highway, at the intersection of Burwood Highway and Stud Road, Wantirna South",3152,21/07/2026,21/07/2026,Fixed Camera,https://content.vic.gov.au/sites/default/files/2025-08/F39_Wantirna_South_Burwood-Hwy_Intersection_of_Burwood_Hwy_and_Stud_Road_Wantirna_South_camera_cert_210725.pdf,Intersection,Demonstrated accident risk,https://www.vic.gov.au/find-road-safety-camera,-37.869102,145.235407,Stud Road,21/07/2027,,,"Fixed road safety cameras may detect one or more of the following offences: speed, red light, unregistered vehicles. Please note: Due to required performance analysis and administrative checks, up to date camera test/compliance certificates may take up to 3 weeks to upload.",,commissioned,,"-37.869102,145.235407"
228,F41,Fitzroy,Alexandra Parade,"Alexandra Parade, at the intersection of Alexandra Parade and Brunswick Street, Fitzroy",3065,29/01/2026,29/01/2026,Fixed Camera,https://content.vic.gov.au/sites/default/files/2026-02/F41-fitzroy-alexandra-pde-and-brunswick-st-camera-cert-290126.pdf,Intersection,Demonstrated accident risk,https://www.vic.gov.au/find-road-safety-camera,-37.793484,144.979426,Brunswick Street,29/01/2027,,,"Fixed road safety cameras may detect one or more of the following offences: speed, red light, unregistered vehicles. Please note: Due to required performance analysis and administrative checks, up to date camera test/compliance certificates may take up to 3 weeks to upload.",,commissioned,,"-37.793484,144.979426"
233,F44S,Highett,Nepean Highway,"Nepean Highway, at the intersection of Nepean Highway and Rowans Road, Highett",3190,20/08/2026,20/08/2026,Fixed Camera,https://content.vic.gov.au/sites/default/files/2026-09/F44S-highett-nepean-highway-and-rowans-road-camera-cert-20082026.pdf,Intersection,Demonstrated accident risk,https://www.vic.gov.au/find-road-safety-camera,-37.948944,145.045987,Rowans Road,20/08/2027,,,"Fixed road safety cameras may detect one or more of the following offences: speed, red light, unregistered vehicles. Please note: Due to required performance analysis and administrative checks, up to date camera test/compliance certificates may take up to 3 weeks to upload.",,commissioned,,"-37.948944,145.045987"
236,F46,Camberwell,Seymour Grove,"Seymour Grove, at the intersection of Seymour Grove and Camberwell Road, Camberwell",3124,3/11/2025,3/11/2025,Fixed Camera,https://content.vic.gov.au/sites/default/files/2025-05/F46-camberwell-seymour-grove-intersection-of-seymour-grove-and-camberwell-road-camera-cert-171224.pdf,Intersection,Demonstrated accident risk,https://www.vic.gov.au/find-road-safety-camera,-37.836069,145.062017,Camberwell Road,3/11/2026,,,"Fixed road safety cameras may detect one or more of the following offences: speed, red light, unregistered vehicles. Please note: Due to required performance analysis and administrative checks, up to date camera test/compliance certificates may take up to 3 weeks to upload.",,commissioned,,"-37.836069,145.062017"
240,F51,Bayswater,Scoresby Road,"Scoresby Road, at the intersection of Scoresby Road and Mountain Highway, Bayswater",3153,14/08/2026,14/08/2025,Fixed Camera,https://content.vic.gov.au/sites/default/files/2026-09/F51-bayswater-intersection-of-scoresby-rd-and-mountain-hwy-camera-cert-140826.pdf,Intersection,Demonstrated accident risk,https://www.vic.gov.au/find-road-safety-camera,-37.838906,145.271036,Mountain Highway,14/08/2027,,,"Fixed road safety cameras may detect one or more of the following offences: speed, red light, unregistered vehicles. Please note: Due to required performance analysis and administrative checks, up to date camera test/compliance certificates may take up to 3 weeks to upload.",,commissioned,,"-37.838906,145.271036"
242,F52,Mount Waverley,High Street Road,"High Street Road, at the intersection of High Street Road and Huntingdale Road, Mount Waverley",3149,20/07/2026,20/07/2026,Fixed Camera,https://content.vic.gov.au/sites/default/files/2025-03/F52_mount-waverley_intersection-of-high-st-rd-and-huntingdale-rd_camera-cert_240125.pdf,Intersection,Demonstrated accident risk,https://www.vic.gov.au/find-road-safety-camera,-37.86796,145.111876,Huntingdale Road,20/07/2027,,,"Fixed road safety cameras may detect one or more of the following offences: speed, red light, unregistered vehicles. Please note: Due to required performance analysis and administrative checks, up to date camera test/compliance certificates may take up to 3 weeks to upload.",,commissioned,,"-37.86796,145.111876"
248,F58,Coburg,Murray Road,"Murray Road, at the intersection of Murray Road and Elizabeth Street , Coburg",3058,10/11/2025,10/11/2025,Fixed Camera,https://content.vic.gov.au/sites/default/files/2026-05/F58-coburg-intersection-of-murray-rd-elizabeth-st-camera-cert-101125.pdf,Intersection,Demonstrated accident risk,https://www.vic.gov.au/find-road-safety-camera,-37.735995,144.98303,Elizabeth Street ,10/11/2026,,,"Fixed road safety cameras may detect one or more of the following offences: speed, red light, unregistered vehicles. Please note: Due to required performance analysis and administrative checks, up to date camera test/compliance certificates may take up to 3 weeks to upload.",,commissioned,Coming up,"-37.735995,144.98303"
257,F66,Armadale,Kooyong Road,"Kooyong Road, at the intersection of Kooyong Road and Malvern Road, Armadale",3143,29/09/2025,29/09/2025,Fixed Camera,https://content.vic.gov.au/sites/default/files/2025-10/F66-armadale-intersection-kooyong-road-and-malvern-road-camera-cert-290925.pdf,Intersection,Demonstrated accident risk,https://www.vic.gov.au/find-road-safety-camera,-37.850584,145.021405,Malvern Road,29/09/2026,,,"Fixed road safety cameras may detect one or more of the following offences: speed, red light, unregistered vehicles. Please note: Due to required performance analysis and administrative checks, up to date camera test/compliance certificates may take up to 3 weeks to upload.",,commissioned,,"-37.850584,145.021405"
258,F67,Elsternwick,Glen Eira Road,"Glen Eira Road, at the intersection of Glen Eira Road and Hotham Street, Elsternwick",3185,20/11/2025,20/11/2025,Fixed Camera,https://content.vic.gov.au/sites/default/files/2025-12/F67-elsternwick-intersection-glen-eira-road-and-hotham-street-camera-cert-201125.pdf,Intersection,Demonstrated accident risk,https://www.vic.gov.au/find-road-safety-camera,-37.876949,144.998152,Hotham Street,20/11/2026,,,"Fixed road safety cameras may detect one or more of the following offences: speed, red light, unregistered vehicles. Please note: Due to required performance analysis and administrative checks, up to date camera test/compliance certificates may take up to 3 weeks to upload.",,commissioned,,"-37.876949,144.998152"
259,F68,Brighton,Bay Street,"Bay Street, at the intersection of Bay Street and St Kilda Street, Brighton",3186,5/11/2025,5/11/2025,Fixed Camera,https://content.vic.gov.au/sites/default/files/2025-11/F68-brighton-intersection-bay-street-and-st-kilda-street-camera-cert-051125.pdf,Intersection,Demonstrated accident risk,https://www.vic.gov.au/find-road-safety-camera,-37.90385,144.988564,St Kilda Street,5/11/2026,,,"Fixed road safety cameras may detect one or more of the following offences: speed, red light, unregistered vehicles. Please note: Due to required performance analysis and administrative checks, up to date camera test/compliance certificates may take up to 3 weeks to upload.",,commissioned,,"-37.90385,144.988564"
262,F70,Clayton,Wellington Road,"Wellington Road, at the intersection of Wellington Road and Blackburn Road, Clayton",3168,19/09/2025,19/09/2025,Fixed Camera,https://content.vic.gov.au/sites/default/files/2025-09/F70KM-wellington-road-intersection-wellington-rd-and-blackburn-rd-clayton-camera-cert-190925.pdf,Intersection,Demonstrated accident risk,https://www.vic.gov.au/find-road-safety-camera,-37.916088,145.13992,Blackburn Road,19/09/2026,,,"Fixed road safety cameras may detect one or more of the following offences: speed, red light, unregistered vehicles. Please note: Due to required performance analysis and administrative checks, up to date camera test/compliance certificates may take up to 3 weeks to upload.",,commissioned,,"-37.916088,145.13992"
269,F77,Mount Waverley,High Street Road,"High Street Road, at the intersection of High Street Road and Stephensons Road, Mount Waverley",3149,29/10/2025,29/10/2025,Fixed Camera,https://content.vic.gov.au/sites/default/files/2025-11/F77-mount-waverley-intersection-high-street-road-and-stephensons-road-camera-cert-291025.pdf,Intersection,Demonstrated accident risk,https://www.vic.gov.au/find-road-safety-camera,-37.870108,145.130219,Stephensons Road,29/10/2026,,,"Fixed road safety cameras may detect one or more of the following offences: speed, red light, unregistered vehicles. Please note: Due to required performance analysis and administrative checks, up to date camera test/compliance certificates may take up to 3 weeks to upload.",,commissioned,,"-37.870108,145.130219"
270,F78,Kew,Chandler Highway,"Chandler Highway, at the intersection of Chandler Highway and Eastern Freeway, Kew",3101,28/08/2025,28/08/2025,Fixed Camera,https://content.vic.gov.au/sites/default/files/2025-09/F78-Intersection-chandler-hwy-eastern-fwy-kew-camera-cert-280825.pdf,Intersection,Demonstrated accident risk,https://www.vic.gov.au/find-road-safety-camera,-37.790752,145.027783,Eastern Freeway,28/08/2026,,,"Fixed road safety cameras may detect one or more of the following offences: speed, red light, unregistered vehicles. Please note: Due to required performance analysis and administrative checks, up to date camera test/compliance certificates may take up to 3 weeks to upload.",,commissioned,,"-37.790752,145.027783"
272,F80,Kew,Glenferrie Road,"Glenferrie Road, at the intersection of Glenferrie Road and Wellington Street, Kew",3101,16/09/2025,16/09/2025,Fixed Camera,https://content.vic.gov.au/sites/default/files/2025-09/F80-glenferrie-road-intersection-glenferrie-road-and-wellington-road-kew-camera-cert-160925.pdf,Intersection,Demonstrated accident risk,https://www.vic.gov.au/find-road-safety-camera,-37.810063,145.037662,Wellington Street,16/09/2026,,,"Fixed road safety cameras may detect one or more of the following offences: speed, red light, unregistered vehicles. Please note: Due to required performance analysis and administrative checks, up to date camera test/compliance certificates may take up to 3 weeks to upload.",,commissioned,,"-37.810063,145.037662"
277,F85,Newtown,Shannon Avenue,"Shannon Avenue, at the intersection of Shannon Avenue and Aphrasia Street, Newtown",3220,27/01/2026,27/01/2026,Fixed Camera,https://content.vic.gov.au/sites/default/files/2026-02/F85-newton-intersection-shannon-avenue-and-aphrasia-street-camera-cert-270126.pdf,Intersection,Demonstrated accident risk,https://www.vic.gov.au/find-road-safety-camera,-38.149893,144.33462,Aphrasia Street,27/01/2027,,,"Fixed road safety cameras may detect one or more of the following offences: speed, red light, unregistered vehicles. Please note: Due to required performance analysis and administrative checks, up to date camera test/compliance certificates may take up to 3 weeks to upload.",,commissioned,,"-38.149893,144.33462"
281,GC,Point Wilson,"Princes Freeway, Geelong Bound","Princes Freeway, Geelong Bound, Point Wilson, Point Wilson Road Bridge",3212,22/01/2026,22/01/2026,Fixed Camera,https://content.vic.gov.au/sites/default/files/2026-05/GC-GLR-point-wilson-road-bridge-sb-camera-cert-220126.pdf,Freeway,Demonstrated accident risk,https://www.vic.gov.au/find-road-safety-camera,-37.9819909,144.5335418,Point Wilson Road Bridge,22/01/2027,,,"Point-to-point safety cameras consist of a network of two or more cameras that work together as a system. They are placed at individual points along a stretch of road and can calculate whether a vehicle is speeding between the camera locations. Please note: Due to required performance analysis and administrative checks, up to date camera test/compliance certificates may take up to 3 weeks to upload.",,commissioned,Long Term Deact,"-37.9819909,144.5335418"
283,GE,Little River,"Princes Freeway, Melbourne Bound","Princes Freeway, Melbourne Bound, Little River, Point Wilson Road Bridge",3211,22/01/2026,22/01/2026,Fixed Camera,https://content.vic.gov.au/sites/default/files/2026-05/GE-GLR-point-wilson-road-bridge-nb-camera-cert-220126.pdf,Freeway,Demonstrated accident risk,https://www.vic.gov.au/find-road-safety-camera,-37.9817711,144.5334184,Point Wilson Road Bridge,22/01/2027,,,"Point-to-point safety cameras consist of a network of two or more cameras that work together as a system. They are placed at individual points along a stretch of road and can calculate whether a vehicle is speeding between the camera locations. Please note: Due to required performance analysis and administrative checks, up to date camera test/compliance certificates may take up to 3 weeks to upload.",,commissioned,Long Term Deact,"-37.9817711,144.5334184"
288,H26N,Craigieburn,"Hume Freeway, Northbound","Hume Freeway, Northbound, Craigieburn, 71 Metres South of Amaroo Road",3064,3/10/2025,3/10/2025,Fixed Camera,https://content.vic.gov.au/sites/default/files/2025-11/H26N-hume-freeway-craigieburn-northbound-camera-cert-031025.pdf,Point-to-point,Demonstrated accident risk,https://www.vic.gov.au/find-road-safety-camera,-37.584227,144.9440505,71 Metres South of Amaroo Road,3/10/2026,,,"Point-to-point safety cameras consist of a network of two or more cameras that work together as a system. They are placed at individual points along a stretch of road and can calculate whether a vehicle is speeding between the camera locations. Please note: Due to required performance analysis and administrative checks, up to date camera test/compliance certificates may take up to 3 weeks to upload.",,commissioned,,"-37.584227,144.9440505"
291,H40S,Beveridge,"Hume Freeway, Southbound","Hume Freeway, Southbound, Beveridge, Mount Fraser",3753,3/07/2026,3/07/2026,Fixed Camera,https://content.vic.gov.au/sites/default/files/2026-07/H40S-hume-freeway-beveridge-southbound-camera-cert-030726.pdf,Point-to-point,Demonstrated accident risk,https://www.vic.gov.au/find-road-safety-camera,-37.460401,144.9724987,Mount Fraser,3/07/2027,,,"Point-to-point safety cameras consist of a network of two or more cameras that work together as a system. They are placed at individual points along a stretch of road and can calculate whether a vehicle is speeding between the camera locations. Please note: Due to required performance analysis and administrative checks, up to date camera test/compliance certificates may take up to 3 weeks to upload.",,commissioned,,"-37.460401,144.9724987"
292,H47N,Wallan East,"Hume Freeway, Northbound","Hume Freeway, Northbound, Wallan East, Adjacent to Station Street",3756,3/06/2026,3/06/2026,Fixed Camera,https://content.vic.gov.au/sites/default/files/2026-07/H47N-hume-freeway-wallan-east-northbound-amera-cert-030626.pdf,Point-to-point,Demonstrated accident risk,https://www.vic.gov.au/find-road-safety-camera,-37.4104577,145.0053397,Adjacent to Station Street,3/06/2027,,,"Point-to-point safety cameras consist of a network of two or more cameras that work together as a system. They are placed at individual points along a stretch of road and can calculate whether a vehicle is speeding between the camera locations. Please note: Due to required performance analysis and administrative checks, up to date camera test/compliance certificates may take up to 3 weeks to upload.",,commissioned,,"-37.4104577,145.0053397"
297,H99S,Seymour,"Hume Freeway, Southbound","Hume Freeway, Southbound, Seymour, 170 Metres East of Goulburn Valley Highway",3660,10/04/2026,10/04/2026,Fixed Camera,https://content.vic.gov.au/sites/default/files/2026-04/H99S-hume-freeway-and-goulburn-valley-highway-camera-cert-100426.pdf,Point-to-point,Demonstrated accident risk,https://www.vic.gov.au/find-road-safety-camera,-36.983454,145.145663,170 Metres East of Goulburn Valley Highway,10/04/2027,,,"Point-to-point safety cameras consist of a network of two or more cameras that work together as a system. They are placed at individual points along a stretch of road and can calculate whether a vehicle is speeding between the camera locations. Please note: Due to required performance analysis and administrative checks, up to date camera test/compliance certificates may take up to 3 weeks to upload.",,commissioned,,"-36.983454,145.145663"
304,PL27N,Moorooduc,"Peninsula Link Freeway, Northbound","Peninsula Link Freeway, Northbound, Moorooduc, Eramosa Road West Bridge",3933,5/02/2026,5/02/2026,Fixed Camera,https://content.vic.gov.au/sites/default/files/2026-02/PL27N-peninsula-link-eramosa-rd-west-bridge-northbound-inst-camera-cert-050226.pdf,Point-to-point,Demonstrated accident risk,https://www.vic.gov.au/find-road-safety-camera,-38.216785,145.129019,Eramosa Road West Bridge,5/02/2027,,,"Fixed road safety cameras may detect one or more of the following offences: speed, red light, unregistered vehicles. Please note: Due to required performance analysis and administrative checks, up to date camera test/compliance certificates may take up to 3 weeks to upload.",,commissioned,,"-38.216785,145.129019"
308,WA,Glenroy,"Western Ring Road, Westbound","Western Ring Road, Westbound, Glenroy, approximately 600 metres West of Sydney Road ",3046,21/10/2025,21/10/2025,Fixed Camera,https://content.vic.gov.au/sites/default/files/2025-11/WA-WRR-glenroy-widford-street-bridge-camera-cert-211025.pdf,Freeway,Demonstrated accident risk,https://www.vic.gov.au/find-road-safety-camera,-37.692194,144.951528,approximately 600 metres West of Sydney Road ,21/10/2026,,,"Fixed road safety cameras may detect one or more of the following offences: speed, red light, unregistered vehicles. Please note: Due to required performance analysis and administrative checks, up to date camera test/compliance certificates may take up to 3 weeks to upload.",,commissioned,,"-37.692194,144.951528"
310,WC,Ardeer,"Western Ring Road, Southbound","Western Ring Road, Southbound, Ardeer, approximately 560 metres North of Ballarat Road",3022,12/05/2026,12/05/2026,Fixed Camera,https://content.vic.gov.au/sites/default/files/2026-05/WRR-western-hwy-ardeer-sb-approximately-560m-north-of-ballarat-rd-camera-cert-120526.pdf,Freeway,Demonstrated accident risk,https://www.vic.gov.au/find-road-safety-camera,-37.767509,144.800459,approximately 560 metres North of Ballarat Road,12/05/2027,,,"Fixed road safety cameras may detect one or more of the following offences: speed, red light, unregistered vehicles. Please note: Due to required performance analysis and administrative checks, up to date camera test/compliance certificates may take up to 3 weeks to upload.",,commissioned,Coming up,"-37.767509,144.800459"
324,D67,Box Hill,Canterbury Road,"Canterbury Road, at the intersection of Canterbury Road and Middleborough Road, Box Hill",3128,19/08/2026,19/08/2025,Fixed Camera,https://content.vic.gov.au/sites/default/files/2026-09/D67-box-hill-canterbury-road-and-middleborough-road-camera-cert-190826.pdf,Intersection,Demonstrated accident risk,https://www.vic.gov.au/find-road-safety-camera,-37.830247,145.136044,Middleborough Road,19/08/2027,,,"Fixed road safety cameras may detect one or more of the following offences: speed, red light, unregistered vehicles. Please note: Due to required performance analysis and administrative checks, up to date camera test/compliance certificates may take up to 3 weeks to upload.",,commissioned,,"-37.830247,145.136044"
327,GV15S,Tablik,Goulburn Valley Freeway,"Goulburn Valley Freeway, Tablik, approximately 130 Metres South of Tabilk-Monea road",3607,19/11/2025,19/11/2025,Fixed Camera,https://content.vic.gov.au/sites/default/files/2025-12/GV15S-tabilk-goulbourn-valley-freeway-and-85-metres-south-of-tabilk-monea-road-camera-cert-191125.pdf,Freeway,Demonstrated accident risk,https://www.vic.gov.au/find-road-safety-camera,-36.847283,145.142862,approximately 130 Metres South of Tabilk-Monea road,19/11/2026,,,,,,,"-36.847283,145.142862"
336,M152W,Hazelwood North,Princes Freeway,"Princes Freeway, Hazelwood North, Princes Freeway East & 155 Metres East of Tramway Road",3840,20/04/2026,20/04/2026,Fixed Camera,https://content.vic.gov.au/sites/default/files/2026-09/M152W-hazelwood-north-princes-freeway-east-and-155-metres-of-tramway-road-camera-cert-20042026.pdf,Freeway,Demonstrated accident risk,https://www.vic.gov.au/find-road-safety-camera,-38.245005,146.438251,"Princes Freeway East & 155 Metres East of Tramway Road, HAZELWOOD NORTH",20/04/2027,,,,,,,"-38.245005,146.438251"
5,A09,Dandenong,Lonsdale Street,"Lonsdale Street, at the intersection of Lonsdale Street and Webster Street, Dandenong",3175,13/03/2025,13/03/2025,Fixed Camera,https://content.vic.gov.au/sites/default/files/2025-03/A09-Dandenong-Lonsdale-Street-Intersection-of-Lonsdale-Street-and-Webster-street-camera-cert-13032025.pdf,Intersection,Demonstrated accident risk,https://www.vic.gov.au/find-road-safety-camera,-37.99295,145.216038,Webster Street,13/03/2026,,,"Fixed road safety cameras may detect one or more of the following offences: speed, red light, unregistered vehicles. Please note: Due to required performance analysis and administrative checks, up to date camera test/compliance certificates may take up to 3 weeks to upload.",,commissioned,,"-37.99295,145.216038"
12,A21,Balwyn,Whitehorse Road,"Whitehorse Road, at the intersection of Whitehorse Road and Burke Road, Balwyn",3103,5/09/2025,5/09/2025,Fixed Camera,https://content.vic.gov.au/sites/default/files/2025-09/A21-whitehorse-rd-intersection-of-whitehorse-rd-and-burke-road-balwyn-camera-cert-050925.pdf,Intersection,Demonstrated accident risk,https://www.vic.gov.au/find-road-safety-camera,-37.8104377,145.0608627,Burke Road,5/09/2026,,,"Fixed road safety cameras may detect one or more of the following offences: speed, red light, unregistered vehicles. Please note: Due to required performance analysis and administrative checks, up to date camera test/compliance certificates may take up to 3 weeks to upload.",,commissioned,,"-37.8104377,145.0608627"
14,A22,Hawthorn,Glenferrie Road,"Glenferrie Road, at the intersection of Glenferrie Road and Burwood Road, Hawthorn",3122,10/06/2026,10/06/2026,Fixed Camera,https://content.vic.gov.au/sites/default/filehttps://content.vic.gov.au/sites/default/files/2026-06/A22-hawthorn-intersection-of-glenferrie-road-and-burwood-road-camera-cert-100626.pdf,Intersection,Demonstrated accident risk,https://www.vic.gov.au/find-road-safety-camera,-37.8227166,145.0352772,Burwood Road,10/06/2027,,,"Fixed road safety cameras may detect one or more of the following offences: speed, red light, unregistered vehicles. Please note: Due to required performance analysis and administrative checks, up to date camera test/compliance certificates may take up to 3 weeks to upload.",,commissioned,,"-37.8227166,145.0352772"
21,A42,Box Hill,Elgar Road,"Elgar Road, at the intersection of Elgar Road and Arnold Street, Box Hill",3128,10/02/2026,10/02/2026,Fixed Camera,https://content.vic.gov.au/sites/default/files/2026-04/A42-box-hill-intersection-of-elgar-road-and-arnold-street-camera-cert-100226.pdf,Intersection,Demonstrated accident risk,https://www.vic.gov.au/find-road-safety-camera,-37.8138217,145.1156435,Arnold Street,10/02/2027,,,"Fixed road safety cameras may detect one or more of the following offences: speed, red light, unregistered vehicles. Please note: Due to required performance analysis and administrative checks, up to date camera test/compliance certificates may take up to 3 weeks to upload.",,commissioned,,"-37.8138217,145.1156435"
23,A45E,Caulfield North,Glen Eira Road,"Glen Eira Road, at the intersection of Glen Eira Road and Kooyong Road, Caulfield North",3161,18/12/2025,18/12/2025,Fixed Camera,https://content.vic.gov.au/sites/default/files/2025-12/A45E-intersection-glen-eira-rd-and-kooyong-rd-caulfield-north-camera-cert-181225.pdf,Intersection,Demonstrated accident risk,https://www.vic.gov.au/find-road-safety-camera,-37.879099,145.016186,Kooyong Road,18/12/2026,,,"Fixed road safety cameras may detect one or more of the following offences: speed, red light, unregistered vehicles. Please note: Due to required performance analysis and administrative checks, up to date camera test/compliance certificates may take up to 3 weeks to upload.",,commissioned,,"-37.879099,145.016186"
28,A51,Templestowe Lower,Manningham Road,"Manningham Road, at the intersection of Manningham Road and Macedon Road, Templestowe Lower",3107,12/06/2026,12/06/2026,Fixed Camera,https://content.vic.gov.au/sites/default/files/2026-07/A51-templestowe-lower-manningham-road-and-macedon-road-camera-cert-120626.pdf,Intersection,Demonstrated accident risk,https://www.vic.gov.au/find-road-safety-camera,-37.77336,145.112057,Macedon Road,12/06/2027,,,"Fixed road safety cameras may detect one or more of the following offences: speed, red light, unregistered vehicles. Please note: Due to required performance analysis and administrative checks, up to date camera test/compliance certificates may take up to 3 weeks to upload.",,commissioned,,"-37.77336,145.112057"
34,A66,Newtown,Shannon Avenue,"Shannon Avenue, at the intersection of Shannon Avenue and Noble Street, Newtown",3220,17/06/2026,17/06/2026,Fixed Camera,https://content.vic.gov.au/sites/default/files/2026-07/A66-newtown-intersection-of-shannon-avenue-and-noble-street-camera-cert-170626.pdf,Intersection,Demonstrated accident risk,https://www.vic.gov.au/find-road-safety-camera,-38.152505,144.3341973,Noble Street,17/06/2027,,,"Fixed road safety cameras may detect one or more of the following offences: speed, red light, unregistered vehicles. Please note: Due to required performance analysis and administrative checks, up to date camera test/compliance certificates may take up to 3 weeks to upload.",,commissioned,,"-38.152505,144.3341973"
36,A76,Camberwell,Toorak Road,"Toorak Road, at the intersection of Toorak Road and Glen Iris Road, Camberwell",3124,23/04/2026,23/04/2026,Fixed Camera,https://content.vic.gov.au/sites/default/files/2026-05/A76-camberwell-glen-iris-road-intersection-of-glen-iris-road-and-toorak-road-camera-cert-240426.pdf,Intersection,Demonstrated accident risk,https://www.vic.gov.au/find-road-safety-camera,-37.847293,145.06839,Glen Iris Road,23/04/2027,,,"Fixed road safety cameras may detect one or more of the following offences: speed, red light, unregistered vehicles. Please note: Due to required performance analysis and administrative checks, up to date camera test/compliance certificates may take up to 3 weeks to upload.",,commissioned,,"-37.847293,145.06839"
37,A81,Ironbark,Loddon Valley Highway,"Loddon Valley Highway, at the intersection of Loddon Valley Highway and Calder Highway, Ironbark",3550,1/12/2025,1/12/2025,Fixed Camera,https://content.vic.gov.au/sites/default/files/2025-12/A81-ironbark-loddon-valley-highway-intersection-of-loddon-valley-highway-and-calder-highway-camera-cert-camera-cert-011225.pdf,Intersection,Demonstrated accident risk,https://www.vic.gov.au/find-road-safety-camera,-36.755573,144.263481,Calder Highway,1/12/2026,,,"Fixed road safety cameras may detect one or more of the following offences: speed, red light, unregistered vehicles. Please note: Due to required performance analysis and administrative checks, up to date camera test/compliance certificates may take up to 3 weeks to upload.",,commissioned,,"-36.755573,144.263481"
39,A84,Noble Park,Lightwood Road,"Lightwood Road, at the intersection of Lightwood Road and Corrigan Road, Noble Park",3174,15/06/2026,15/06/2026,Fixed Camera,https://content.vic.gov.au/sites/default/files/2026-06/A84-noble-park-intersection-of-lightwood-road-and-corrigan-road-camera-cert-150626.pdf,Intersection,Demonstrated accident risk,https://www.vic.gov.au/find-road-safety-camera,-37.96154,145.168964,Corrigan Road,15/06/2027,,,"Fixed road safety cameras may detect one or more of the following offences: speed, red light, unregistered vehicles. Please note: Due to required performance analysis and administrative checks, up to date camera test/compliance certificates may take up to 3 weeks to upload.",,commissioned,,"-37.96154,145.168964"
46,B02,Parkville,Flemington Road,"Flemington Road, at the intersection of Flemington Road and Gatehouse Street, Parkville",3052,18/12/2025,18/12/2025,Fixed Camera,https://content.vic.gov.au/sites/default/files/2025-12/B02-intersection-of-flemington-road-and-gatehouse-street-parkville-camera-cert-181225.pdf,Intersection,Demonstrated accident risk,https://www.vic.gov.au/find-road-safety-camera,-37.796335,144.951148,Gatehouse Street,18/12/2026,,,"Fixed road safety cameras may detect one or more of the following offences: speed, red light, unregistered vehicles. Please note: Due to required performance analysis and administrative checks, up to date camera test/compliance certificates may take up to 3 weeks to upload.",,commissioned,,"-37.796335,144.951148"
50,B17,Glen Waverley,Springvale Road,"Springvale Road, at the intersection of Springvale Road and High Street Road, Glen Waverley",3150,12/11/2025,12/11/2025,Fixed Camera,https://content.vic.gov.au/sites/default/files/2025-11/B17K-M-glen-waverley-springvale-road-intersection-of-springvale-road-and-high-street-road-camera-cert-121125.pdf,Intersection,Demonstrated accident risk,https://www.vic.gov.au/find-road-safety-camera,-37.874219,145.166956,High Street Road,12/11/2026,,,"Fixed road safety cameras may detect one or more of the following offences: speed, red light, unregistered vehicles. Please note: Due to required performance analysis and administrative checks, up to date camera test/compliance certificates may take up to 3 weeks to upload.",,commissioned,,"-37.874219,145.166956"
55,B25,Ferntree Gully,Burwood Highway,"Burwood Highway, at the intersection of Burwood Highway and Brenock Park Drive, Ferntree Gully",3156,9/06/2026,9/06/2026,Fixed Camera,https://content.vic.gov.au/sites/default/files/2026-06/B25-ferntree-intersection-of-burwood-highway-and-brenock-park-drive-camera-cert-090626.pdf,Intersection,Demonstrated accident risk,https://www.vic.gov.au/find-road-safety-camera,-37.888707,145.294887,Brenock Park Drive,9/06/2027,,,"Fixed road safety cameras may detect one or more of the following offences: speed, red light, unregistered vehicles. Please note: Due to required performance analysis and administrative checks, up to date camera test/compliance certificates may take up to 3 weeks to upload.",,commissioned,,"-37.888707,145.294887"
56,B26,Croydon,Mt Dandenong Road,"Mt Dandenong Road, at the intersection of Mt Dandenong Road and Dorset Road, Croydon",3136,14/01/2026,14/01/2026,Fixed Camera,https://content.vic.gov.au/sites/default/files/2026-01/B26-croydon-intersection-of-mt-dandenong-road-and-dorset-road-camera-cert-140126.pdf,Intersection,Demonstrated accident risk,https://www.vic.gov.au/find-road-safety-camera,-37.799797,145.289994,Dorset Road,14/01/2027,,,"Fixed road safety cameras may detect one or more of the following offences: speed, red light, unregistered vehicles. Please note: Due to required performance analysis and administrative checks, up to date camera test/compliance certificates may take up to 3 weeks to upload.",,commissioned,,"-37.799797,145.289994"
66,C10,West Melbourne,Peel Street,"Peel Street, at the intersection of Peel Street and Victoria Street, West Melbourne",3003,18/11/2025,18/11/2025,Fixed Camera,https://content.vic.gov.au/sites/default/files/2025-12/C10-west-melbourne-peel-street-intersection-of-peel-street-and-victoria-street-camera-cert-181125.pdf,Intersection,Demonstrated accident risk,https://www.vic.gov.au/find-road-safety-camera,-37.806019,144.955845,Victoria Street,18/11/2026,,,"Fixed road safety cameras may detect one or more of the following offences: speed, red light, unregistered vehicles. Please note: Due to required performance analysis and administrative checks, up to date camera test/compliance certificates may take up to 3 weeks to upload.",,commissioned,,"-37.806019,144.955845"
70,C16,Highett,Nepean Highway,"Nepean Highway, at the intersection of Nepean Highway and Karen Street, Highett",3190,13/03/2026,13/03/2026,Fixed Camera,https://content.vic.gov.au/sites/default/files/2026-04/C16-highett-intersection-of-nepean-highway-and-karen-street-camera-cert-130326.pdf,Intersection,Demonstrated accident risk,https://www.vic.gov.au/find-road-safety-camera,-37.957307,145.0521281,Karen Street,13/03/2027,,,"Fixed road safety cameras may detect one or more of the following offences: speed, red light, unregistered vehicles. Please note: Due to required performance analysis and administrative checks, up to date camera test/compliance certificates may take up to 3 weeks to upload.",,commissioned,,"-37.957307,145.0521281"
78,C32,Ringwood,Ringwood Street,"Ringwood Street, at the intersection of Ringwood Street and Maroondah Highway, Ringwood",3134,26/08/2026,26/08/2026,Fixed Camera,https://content.vic.gov.au/sites/default/files/2026-09/C32-ringwood-ringwood-street-intersection-of-ringwood-street-and-maroondah-highway-camera-cert-260826.pdf,Intersection,Demonstrated accident risk,https://www.vic.gov.au/find-road-safety-camera,-37.815611,145.227402,Maroondah Highway,26/08/2027,,,"Fixed road safety cameras may detect one or more of the following offences: speed, red light, unregistered vehicles. Please note: Due to required performance analysis and administrative checks, up to date camera test/compliance certificates may take up to 3 weeks to upload.",,commissioned,,"-37.815611,145.227402"
79,C34,Carlton,Princes Street,"Princes Street, at the intersection of Princes Street and Rathdowne Street, Carlton",3053,15/06/2026,15/06/2026,Fixed Camera,https://content.vic.gov.au/sites/default/files/2026-06/C34-intersection-of-princes-street-and-rathdowne-street-150626.pdf,Intersection,Demonstrated accident risk,https://www.vic.gov.au/find-road-safety-camera,-37.792647,144.971524,Rathdowne Street,15/06/2027,,,"Fixed road safety cameras may detect one or more of the following offences: speed, red light, unregistered vehicles. Please note: Due to required performance analysis and administrative checks, up to date camera test/compliance certificates may take up to 3 weeks to upload.",,commissioned,,"-37.792647,144.971524"
88,D04,Campbellfield,Hume Highway,"Hume Highway, at the intersection of Hume Highway and Somerton Road, Campbellfield",3061,27/07/2026,27/07/2026,Fixed Camera,https://content.vic.gov.au/sites/default/files/2025-08/D04-Campbellfield_Hume_Highway_Intersection_of_Hume_Highway_and_Somerton_Road_camera_cert_250725.pdf,Intersection,Demonstrated accident risk,https://www.vic.gov.au/find-road-safety-camera,-37.643581,144.951185,Somerton Road,27/07/2027,,,"Fixed road safety cameras may detect one or more of the following offences: speed, red light, unregistered vehicles. Please note: Due to required performance analysis and administrative checks, up to date camera test/compliance certificates may take up to 3 weeks to upload.",,commissioned,,"-37.643581,144.951185"
89,D05,Oakleigh East,Princes Highway,"Princes Highway, at the intersection of Princes Highway and Huntingdale Road, Oakleigh East",3166,13/08/2026,14/08/2025,Fixed Camera,https://content.vic.gov.au/sites/default/files/2026-09/D05-oakleigh-east-princes-hwy-intersection-of-princes-hwy-and-huntingdale-rd-camera-cert-130826.pdf,Intersection,Demonstrated accident risk,https://www.vic.gov.au/find-road-safety-camera,-37.900583,145.105245,Huntingdale Road,13/08/2027,,,"Fixed road safety cameras may detect one or more of the following offences: speed, red light, unregistered vehicles. Please note: Due to required performance analysis and administrative checks, up to date camera test/compliance certificates may take up to 3 weeks to upload.",,commissioned,,"-37.900583,145.105245"
92,D09,Mornington,Nepean Highway,"Nepean Highway, at the intersection of Nepean Highway and Bungower Road, Mornington",3931,8/10/2025,8/10/2025,Fixed Camera,https://content.vic.gov.au/sites/default/files/2025-11/D09-mornington-nepean-highway-and-bungower-road-camera-cert-081025.pdf,Intersection,Demonstrated accident risk,https://www.vic.gov.au/find-road-safety-camera,-38.220292,145.056914,Bungower Road,8/10/2026,,,"Fixed road safety cameras may detect one or more of the following offences: speed, red light, unregistered vehicles. Please note: Due to required performance analysis and administrative checks, up to date camera test/compliance certificates may take up to 3 weeks to upload.",,commissioned,,"-38.220292,145.056914"
94,D11,Lynbrook,South Gippsland Highway,"South Gippsland Highway, at the intersection of South Gippsland Highway and Lynbrook Boulevard, Lynbrook",3975,5/06/2026,5/06/2026,Fixed Camera,https://content.vic.gov.au/sites/default/files/2026-06/D11-lynbrook-intersection-of-south-gippsland-highway-and-lynbrook-boulevard-camera-cert-050626.pdf,Intersection,Demonstrated accident risk,https://www.vic.gov.au/find-road-safety-camera,-38.050654,145.257558,Lynbrook Boulevard,5/06/2027,,,"Fixed road safety cameras may detect one or more of the following offences: speed, red light, unregistered vehicles. Please note: Due to required performance analysis and administrative checks, up to date camera test/compliance certificates may take up to 3 weeks to upload.",,commissioned,,"-38.050654,145.257558"
101,D19,Wodonga,Lincoln Causeway,"Lincoln Causeway, at the intersection of Lincoln Causeway and Hume Highway Ramp, Wodonga",3689,20/02/2026,20/02/2026,Fixed Camera,https://content.vic.gov.au/sites/default/files/2026-03/D19-wodonga-intersection-of-lincoln-causeway-and-hume-hwy-ramps-camera-cert-200226.pdf,Intersection,Demonstrated accident risk,https://www.vic.gov.au/find-road-safety-camera,-36.110137,146.893854,Hume Highway Ramp,20/02/2027,,,"Fixed road safety cameras may detect one or more of the following offences: speed, red light, unregistered vehicles. Please note: Due to required performance analysis and administrative checks, up to date camera test/compliance certificates may take up to 3 weeks to upload.",,commissioned,,"-36.110137,146.893854"
110,D27,Kilsyth South,Canterbury Road,"Canterbury Road, at the intersection of Canterbury Road and Colchester Road, Kilsyth South",3137,14/05/2026,14/05/2026,Fixed Camera,https://content.vic.gov.au/sites/default/files/2026-05/D27-kilsyth-south-intersection-of-canterbury-rd-and-colchester-rd-camera-cert-140526.pdf,Intersection,Demonstrated accident risk,https://www.vic.gov.au/find-road-safety-camera,-37.821585,145.304404,Colchester Road,14/05/2027,,,"Fixed road safety cameras may detect one or more of the following offences: speed, red light, unregistered vehicles. Please note: Due to required performance analysis and administrative checks, up to date camera test/compliance certificates may take up to 3 weeks to upload.",,commissioned,Coming up,"-37.821585,145.304404"
117,D34,Doncaster,Williamsons Road,"Williamsons Road, at the intersection of Williamsons Road and Doncaster Road, Doncaster",3108,4/09/2025,4/09/2025,Fixed Camera,https://content.vic.gov.au/sites/default/files/2025-09/D34KM-intersection-of-williamsons-rd-and-doncaster-rd-doncaster-camera-cert-120925.pdf,Intersection,Demonstrated accident risk,https://www.vic.gov.au/find-road-safety-camera,-37.787177,145.124958,Doncaster Road,4/09/2026,,,"Fixed road safety cameras may detect one or more of the following offences: speed, red light, unregistered vehicles. Please note: Due to required performance analysis and administrative checks, up to date camera test/compliance certificates may take up to 3 weeks to upload.",,commissioned,,"-37.787177,145.124958"
120,D36SW,Frankston,Dandenong-Frankston Road,"Dandenong-Frankston Road, at the intersection of Dandenong-Frankston Road and Skye Road, Frankston",3199,13/04/2026,13/04/2026,Fixed Camera,https://content.vic.gov.au/sites/default/files/2026-09/D36SW-frankston-dandenong-frankston-rd-intersection-of-dandenong-frankston-rd-and-skye-rd-camera-cert-13042026.pdf,Intersection,Demonstrated accident risk,https://www.vic.gov.au/find-road-safety-camera,-38.12848,145.134187,Skye Road,13/04/2027,,,"Fixed road safety cameras may detect one or more of the following offences: speed, red light, unregistered vehicles. Please note: Due to required performance analysis and administrative checks, up to date camera test/compliance certificates may take up to 3 weeks to upload.",,commissioned,,"-38.12848,145.134187"
130,D45N,Narre Warren,Narre Warren North Road,"Narre Warren North Road, at the intersection of Narre Warren North Road and Ernst Wanke Road, Narre Warren",3805,27/02/2026,27/02/2026,Fixed Camera,https://content.vic.gov.au/sites/default/files/2026-03/D45N-narre-warren-narre-warren-north-rd-ernst-wanke-road-camera-cert-270226.pdf,Intersection,Demonstrated accident risk,https://www.vic.gov.au/find-road-safety-camera,-37.996836,145.312601,Ernst Wanke Road,27/02/2027,,,"Fixed road safety cameras may detect one or more of the following offences: speed, red light, unregistered vehicles. Please note: Due to required performance analysis and administrative checks, up to date camera test/compliance certificates may take up to 3 weeks to upload.",,commissioned,,"-37.996836,145.312601"
133,D46S,Ringwood,Maroondah Highway,"Maroondah Highway, at the intersection of Maroondah Highway and Mount Dandenong Road, Ringwood",3134,22/04/2026,22/04/2026,Fixed Camera,https://content.vic.gov.au/sites/default/files/2026-05/D46S-ringwood-intersection-of-maroondah-hwy-and-mount-dandenong-rd-camera-cert-220426.pdf,Intersection,Demonstrated accident risk,https://www.vic.gov.au/find-road-safety-camera,-37.810926,145.237823,Mount Dandenong Road,22/04/2027,,,"Fixed road safety cameras may detect one or more of the following offences: speed, red light, unregistered vehicles. Please note: Due to required performance analysis and administrative checks, up to date camera test/compliance certificates may take up to 3 weeks to upload.",,commissioned,,"-37.810926,145.237823"
158,D72,St Kilda East,Dandenong Road,"Dandenong Road, at the intersection of Dandenong Road and Hotham Street, St Kilda East",3183,30/10/2025,30/10/2025,Fixed Camera,https://content.vic.gov.au/sites/default/files/2025-03/D72_st-kilda-east_Intersection-Dandenong-Rd-and-Hotham-Streets_camera-cert_311024.pdf,Intersection,Demonstrated accident risk,https://www.vic.gov.au/find-road-safety-camera,-37.859172,145.001372,Hotham Street,30/10/2026,,,"Fixed road safety cameras may detect one or more of the following offences: speed, red light, unregistered vehicles. Please note: Due to required performance analysis and administrative checks, up to date camera test/compliance certificates may take up to 3 weeks to upload.",,commissioned,,"-37.859172,145.001372"
162,D76,Keilor East,Keilor Park Drive,"Keilor Park Drive, at the intersection of Keilor Park Drive and Old Calder Highway, Keilor East",3033,1/07/2026,1/07/2026,Fixed Camera,https://content.vic.gov.au/sites/default/files/2025-08/D76_Keilor_East_Keilor_Park_Drive_Intersection_of_Keilor_Park_Drive_and_Old_Calder_Highway_camera_cert_010725.pdf,Intersection,Demonstrated accident risk,https://www.vic.gov.au/find-road-safety-camera,-37.727078,144.849617,Old Calder Highway,1/07/2027,,,"Fixed road safety cameras may detect one or more of the following offences: speed, red light, unregistered vehicles. Please note: Due to required performance analysis and administrative checks, up to date camera test/compliance certificates may take up to 3 weeks to upload.",,commissioned,,"-37.727078,144.849617"
163,D78,Keilor Park,Keilor Park Drive,"Keilor Park Drive, at the intersection of Keilor Park Drive and Calder Freeway On-Ramp, Keilor Park",3042,10/09/2025,10/09/2025,Fixed Camera,https://content.vic.gov.au/sites/default/files/2025-09/D78-intersection-of-Keilor-Park-Drive-and-Calder-Freeway-on-ramp-Keilor-Park-camera-cert-100925.pdf,Intersection,Demonstrated accident risk,https://www.vic.gov.au/find-road-safety-camera,-37.725402,144.849671,Calder Freeway On-Ramp,10/09/2026,,,"Fixed road safety cameras may detect one or more of the following offences: speed, red light, unregistered vehicles. Please note: Due to required performance analysis and administrative checks, up to date camera test/compliance certificates may take up to 3 weeks to upload.",,commissioned,,"-37.725402,144.849671"
164,D79,Bundoora,Plenty Road,"Plenty Road, at the intersection of Plenty Road and Ambrose Treacy Drive, Bundoora",3083,30/10/2025,30/10/2025,Fixed Camera,https://content.vic.gov.au/sites/default/files/2025-11/D79-bundoora-plenty-road-intersection-of-plenty-road-and-ambrose-treacy-drive-camera-cert-301025.pdf,Intersection,Demonstrated accident risk,https://www.vic.gov.au/find-road-safety-camera,-37.68822106,145.0668951,Ambrose Treacy Drive,30/10/2026,,,"Fixed road safety cameras may detect one or more of the following offences: speed, red light, unregistered vehicles. Please note: Due to required performance analysis and administrative checks, up to date camera test/compliance certificates may take up to 3 weeks to upload.",,commissioned,,"-37.68822106,145.0668951"
178,EF,Donvale,Melba Tunnel,"Melba Tunnel, Donvale, approximately 500m prior to tunnel exit",3111,13/11/2025,13/11/2025,Fixed Camera,https://content.vic.gov.au/sites/default/files/2025-11/EF-donvale-melba-tunnel-camera-cert-131125.pdf,Highway,Demonstrated accident risk,https://www.vic.gov.au/find-road-safety-camera,-37.8041385,145.2027583,approximately 500m prior to tunnel exit,13/11/2026,,,"Fixed road safety cameras may detect one or more of the following offences: speed, red light, unregistered vehicles. Please note: Due to required performance analysis and administrative checks, up to date camera test/compliance certificates may take up to 3 weeks to upload.",,commissioned,,"-37.8041385,145.2027583"
189,F08,Yarraville,Williamstown Road,"Williamstown Road, at the intersection of Williamstown Road and Somerville Road, Yarraville",3013,21/11/2025,21/11/2025,Fixed Camera,https://content.vic.gov.au/sites/default/files/2026-05/F08-yarraville-intersection-of-williamstown-rd-and-somerville-rd-camera-cert-211125.pdf,Intersection,Demonstrated accident risk,https://www.vic.gov.au/find-road-safety-camera,-37.812716,144.88352,Somerville Road,21/11/2026,,,"Fixed road safety cameras may detect one or more of the following offences: speed, red light, unregistered vehicles. Please note: Due to required performance analysis and administrative checks, up to date camera test/compliance certificates may take up to 3 weeks to upload.",,commissioned,,"-37.812716,144.88352"
199,F17,Watsonia North,Grimshaw Street,"Grimshaw Street, at the intersection of Grimshaw Street and Macorna Street, Watsonia North",3087,16/04/2026,16/04/2026,Fixed Camera,https://content.vic.gov.au/sites/default/files/2026-04/F17-watsonia-north-intersection-of-grimshaw-st-and-macorna-st-camera-cert-160426.pdf,Intersection,Demonstrated accident risk,https://www.vic.gov.au/find-road-safety-camera,-37.702501,145.083998,Macorna Street,16/04/2027,,,"Fixed road safety cameras may detect one or more of the following offences: speed, red light, unregistered vehicles. Please note: Due to required performance analysis and administrative checks, up to date camera test/compliance certificates may take up to 3 weeks to upload.",,commissioned,,"-37.702501,145.083998"
204,F21,Altona North,Blackshaws Road,"Blackshaws Road, at the intersection of Blackshaws Road and Millers Road, Altona North",3025,24/04/2026,24/04/2026,Fixed Camera,https://content.vic.gov.au/sites/default/files/2026-05/F21-altona-north-blackshaws-rd-intersection-of-blackshaws-rd-and-millers-rd-camera-cert-240426.pdf,Intersection,Demonstrated accident risk,https://www.vic.gov.au/find-road-safety-camera,-37.831185,144.848072,Millers Road,24/04/2027,,,"Fixed road safety cameras may detect one or more of the following offences: speed, red light, unregistered vehicles. Please note: Due to required performance analysis and administrative checks, up to date camera test/compliance certificates may take up to 3 weeks to upload.",,commissioned,,"-37.831185,144.848072"
209,F24,Doncaster,Victoria Street,"Victoria Street, at the intersection of Victoria Street and Doncaster Road, Doncaster",3108,18/03/2026,18/03/2026,Fixed Camera,https://content.vic.gov.au/sites/default/files/2026-04/F24-Doncaster-Intersection-of-Victoria-St-and-Doncaster-Rd-camera-cert-180326.pdf,Intersection,Demonstrated accident risk,https://www.vic.gov.au/find-road-safety-camera,-37.786805,145.143832,Doncaster Road,18/03/2027,,,"Fixed road safety cameras may detect one or more of the following offences: speed, red light, unregistered vehicles. Please note: Due to required performance analysis and administrative checks, up to date camera test/compliance certificates may take up to 3 weeks to upload.",,commissioned,,"-37.786805,145.143832"
211,F26,Chadstone,Warrigal Road,"Warrigal Road, at the intersection of Warrigal Road and Batesford Road, Chadstone",3148,25/05/2026,25/05/2026,Fixed Camera,https://content.vic.gov.au/sites/default/files/2026-06/F26-chadstone-intersection-of-warrigal-rd-and-batesford-rd-camera-cert-250526.pdf,Intersection,Demonstrated accident risk,https://www.vic.gov.au/find-road-safety-camera,-37.875354,145.091687,Batesford Road,25/05/2027,,,"Fixed road safety cameras may detect one or more of the following offences: speed, red light, unregistered vehicles. Please note: Due to required performance analysis and administrative checks, up to date camera test/compliance certificates may take up to 3 weeks to upload.",,commissioned,Coming up,"-37.875354,145.091687"
220,F34,Preston,Gilbert Road,"Gilbert Road, at the intersection of Gilbert Road and Bell Street, Preston",3072,11/08/2025,11/08/2025,Fixed Camera,https://content.vic.gov.au/sites/default/files/2025-10/F34-preston-gilbert-road-and-bell-street-camera-cert-110825.pdf,Intersection,Demonstrated accident risk,https://www.vic.gov.au/find-road-safety-camera,-37.743601,144.989294,Bell Street,11/08/2026,,,"Fixed road safety cameras may detect one or more of the following offences: speed, red light, unregistered vehicles. Please note: Due to required performance analysis and administrative checks, up to date camera test/compliance certificates may take up to 3 weeks to upload.",,commissioned,,"-37.743601,144.989294"
229,F42,Maidstone,Ballarat Road,"Ballarat Road, at the intersection of Ballarat Road and Ashley Street, Maidstone",3012,16/03/2026,16/03/2026,Fixed Camera,https://content.vic.gov.au/sites/default/files/2026-04/F42-maidstone-intersection-of-ballarat-rd-and-ashley-st-camera-cert-160326.pdf,Intersection,Demonstrated accident risk,https://www.vic.gov.au/find-road-safety-camera,-37.781539,144.86559,Ashley Street,16/03/2027,,,"Fixed road safety cameras may detect one or more of the following offences: speed, red light, unregistered vehicles. Please note: Due to required performance analysis and administrative checks, up to date camera test/compliance certificates may take up to 3 weeks to upload.",,commissioned,,"-37.781539,144.86559"
232,F44,Highett,Nepean Highway,"Nepean Highway, at the intersection of Nepean Highway and Highett Road, Highett",3190,26/05/2026,26/05/2026,Fixed Camera,https://content.vic.gov.au/sites/default/files/2026-06/F44-highett-nepean-highway-and-highett-road-camera-cert-260526.pdf,Intersection,Demonstrated accident risk,https://www.vic.gov.au/find-road-safety-camera,-37.949257,145.046016,Highett Road,26/05/2027,,,"Fixed road safety cameras may detect one or more of the following offences: speed, red light, unregistered vehicles. Please note: Due to required performance analysis and administrative checks, up to date camera test/compliance certificates may take up to 3 weeks to upload.",,commissioned,Coming up,"-37.949257,145.046016"
234,F45,Mount Waverley,Waverley Road,"Waverley Road, at the intersection of Waverley Road and Blackburn Road, Mount Waverley",3149,28/05/2026,28/05/2026,Fixed Camera,https://content.vic.gov.au/sites/default/files/2026-07/F45-mt-waverley-intersection-of-waverley-rd-and-blackburn-rd-camera-cert-280526.pdf,Intersection,Demonstrated accident risk,https://www.vic.gov.au/find-road-safety-camera,-37.886693,145.145515,Blackburn Road,28/05/2027,,,"Fixed road safety cameras may detect one or more of the following offences: speed, red light, unregistered vehicles. Please note: Due to required performance analysis and administrative checks, up to date camera test/compliance certificates may take up to 3 weeks to upload.",,commissioned,,"-37.886693,145.145515"
243,F53,Campbellfield,Sydney Road,"Sydney Road, at the intersection of Sydney Road and Mahoneys Road, Campbellfield",3061,11/06/2026,11/06/2026,Fixed Camera,https://content.vic.gov.au/sites/default/files/2026-06/F53-campbellfield-intersection-of-sydney-road-and-mahoneys-road-camera-cert-110626.pdf,Intersection,Demonstrated accident risk,https://www.vic.gov.au/find-road-safety-camera,-37.689374,144.95827,Mahoneys Road,11/06/2027,,,"Fixed road safety cameras may detect one or more of the following offences: speed, red light, unregistered vehicles. Please note: Due to required performance analysis and administrative checks, up to date camera test/compliance certificates may take up to 3 weeks to upload.",,commissioned,,"-37.689374,144.95827"
245,F55,Oakleigh East,North Road,"North Road, at the intersection of North Road and Clayton Road, Oakleigh East",3166,4/02/2026,4/02/2026,Fixed Camera,https://content.vic.gov.au/sites/default/files/2026-02/F55KM-oakleigh-east-intersection-of-north-road-and-clayton-road-camera-cert-040226.pdf,Intersection,Demonstrated accident risk,https://www.vic.gov.au/find-road-safety-camera,-37.913614,145.121704,Clayton Road,4/02/2027,,,"Fixed road safety cameras may detect one or more of the following offences: speed, red light, unregistered vehicles. Please note: Due to required performance analysis and administrative checks, up to date camera test/compliance certificates may take up to 3 weeks to upload.",,commissioned,T-Series Upgrades,"-37.913614,145.121704"
247,F57,Hawthorn,Barkers Road,"Barkers Road, at the intersection of Barkers Road and Glenferrie Road, Hawthorn",3122,14/11/2025,14/11/2025,Fixed Camera,https://content.vic.gov.au/sites/default/files/2026-05/F57-hawthorn-intersection-of-barkers-road-and-glenferrie-road-camera-cert-141125.pdf ,Intersection,Demonstrated accident risk,https://www.vic.gov.au/find-road-safety-camera,-37.814734,145.036973,Glenferrie Road,14/11/2026,,,"Fixed road safety cameras may detect one or more of the following offences: speed, red light, unregistered vehicles. Please note: Due to required performance analysis and administrative checks, up to date camera test/compliance certificates may take up to 3 weeks to upload.",,commissioned,,"-37.814734,145.036973"
249,F59,Strathmore,Pascoe Vale Road,"Pascoe Vale Road, at the intersection of Pascoe Vale Road and Peck Avenue, Strathmore",3041,7/11/2025,7/11/2025,Fixed Camera,https://content.vic.gov.au/sites/default/files/2026-05/F59-strathmore-intersection-of-pascoe-vale-rd-and-peck-ave-camera-cert-071125.pdf,Intersection,Demonstrated accident risk,https://www.vic.gov.au/find-road-safety-camera,-37.730116,144.923849,Peck Avenue,7/11/2026,,,"Fixed road safety cameras may detect one or more of the following offences: speed, red light, unregistered vehicles. Please note: Due to required performance analysis and administrative checks, up to date camera test/compliance certificates may take up to 3 weeks to upload.",,commissioned,,"-37.730116,144.923849"
251,F61,Corio,Princes Highway,"Princes Highway, at the intersection of Princes Highway and Station Street, Corio",3214,22/01/2026,22/01/2026,Fixed Camera,https://content.vic.gov.au/sites/default/files/2026-03/F61-corio-intersection-of-princes-hwy-and-station-st-camera-cert-220126.pdf,Intersection,Demonstrated accident risk,https://www.vic.gov.au/find-road-safety-camera,-38.075385,144.369061,Station Street,22/01/2027,,,"Fixed road safety cameras may detect one or more of the following offences: speed, red light, unregistered vehicles. Please note: Due to required performance analysis and administrative checks, up to date camera test/compliance certificates may take up to 3 weeks to upload.",,commissioned,,"-38.075385,144.369061"
254,F64E,Yarraville,Francis Street,"Francis Street, at the intersection of Francis Street and Wembley Avenue, Yarraville",3013,5/03/2026,5/03/2026,Fixed Camera,https://content.vic.gov.au/sites/default/files/2026-03/F64E-francis-street-wembley-avenue-yarraville-eastbound-camera-cert-050326.pdf,Intersection,Demonstrated accident risk,https://www.vic.gov.au/find-road-safety-camera,-37.819304,144.873924,Wembley Avenue,5/03/2027,,,"Fixed road safety cameras may detect one or more of the following offences: speed, red light, unregistered vehicles. Please note: Due to required performance analysis and administrative checks, up to date camera test/compliance certificates may take up to 3 weeks to upload.",,commissioned,,"-37.819304,144.873924"
256,F65,Strathdale,McIvor Road,"McIvor Road, at the intersection of McIvor Road and Reservoir Road, Strathdale",3550,14/08/2026,14/08/2026,Fixed Camera,https://content.vic.gov.au/sites/default/files/2026-09/F65-strathdale-intersection-of-mcivor-rd-and-reservoir-rd-camera-cert-14082026.pdf,Intersection,Demonstrated accident risk,https://www.vic.gov.au/find-road-safety-camera,-36.759623,144.317643,Reservoir Road,14/08/2027,,,"Fixed road safety cameras may detect one or more of the following offences: speed, red light, unregistered vehicles. Please note: Due to required performance analysis and administrative checks, up to date camera test/compliance certificates may take up to 3 weeks to upload.",,commissioned,,"-36.759623,144.317643"
260,F68S,Brighton,St Kilda Street,"St Kilda Street, at the intersection of St Kilda Street and Bay Street, Brighton",3186,4/05/2026,4/05/2026,Fixed Camera,https://content.vic.gov.au/sites/default/files/2026-05/F68S-brighton-intersection-bay-st-and-stkilda-st-camera-cert-040526.pdf,Intersection,Demonstrated accident risk,https://www.vic.gov.au/find-road-safety-camera,-37.903815,144.988436,Bay Street,4/05/2027,,,"Fixed road safety cameras may detect one or more of the following offences: speed, red light, unregistered vehicles. Please note: Due to required performance analysis and administrative checks, up to date camera test/compliance certificates may take up to 3 weeks to upload.",,commissioned,,"-37.903815,144.988436"
261,F69,Mount Waverley,Ferntree Gully Road,"Ferntree Gully Road, at the intersection of Ferntree Gully Road and Stephensons Road, Mount Waverley",3149,30/09/2025,30/09/2025,Fixed Camera,https://content.vic.gov.au/sites/default/files/2025-10/F69-mount-waverley-intersection-of-ferntree-gully-road-and-stephensons-road-camera-cert-300925.pdf,Intersection,Demonstrated accident risk,https://www.vic.gov.au/find-road-safety-camera,-37.899069,145.124181,Stephensons Road,30/09/2026,,,"Fixed road safety cameras may detect one or more of the following offences: speed, red light, unregistered vehicles. Please note: Due to required performance analysis and administrative checks, up to date camera test/compliance certificates may take up to 3 weeks to upload.",,commissioned,,"-37.899069,145.124181"
266,F74,Burwood,Warrigal Road,"Warrigal Road, at the intersection of Warrigal Road and Highbury Road, Burwood",3125,7/01/2026,7/01/2026,Fixed Camera,https://content.vic.gov.au/sites/default/files/2026-01/F74-burwood-intersection-warrigal-road-and-highbury-road-camera-cert-070126.pdf,Intersection,Demonstrated accident risk,https://www.vic.gov.au/find-road-safety-camera,-37.853229,145.095185,Highbury Road,7/01/2027,,,"Fixed road safety cameras may detect one or more of the following offences: speed, red light, unregistered vehicles. Please note: Due to required performance analysis and administrative checks, up to date camera test/compliance certificates may take up to 3 weeks to upload.",,commissioned,,"-37.853229,145.095185"
271,F79,Mount Waverley,Blackburn Road,"Blackburn Road, at the intersection of Blackburn Road and Monash Freeway, Mount Waverley",3149,8/07/2026,8/07/2026,Fixed Camera,https://content.vic.gov.au/sites/default/files/2026-07/F79-mount-waverley-intersection-blackburn-rd-and-monash-freeway-camera-cert-080726.pdf,Intersection,Demonstrated accident risk,https://www.vic.gov.au/find-road-safety-camera,-37.895255,145.143938,Monash Freeway,8/07/2027,,,"Fixed road safety cameras may detect one or more of the following offences: speed, red light, unregistered vehicles. Please note: Due to required performance analysis and administrative checks, up to date camera test/compliance certificates may take up to 3 weeks to upload.",,commissioned,,"-37.895255,145.143938"
275,F83,Preston,Gilbert Road,"Gilbert Road, at the intersection of Gilbert Road and Murray Road, Preston",3072,16/06/2026,16/06/2026,Fixed Camera,https://content.vic.gov.au/sites/default/files/2026-06/F83-preston-intersection-of-gilbert-road-and-murray-road-camera-cert-160626.pdf,Intersection,Demonstrated accident risk,https://www.vic.gov.au/find-road-safety-camera,-37.736486,144.990372,Murray Road,16/06/2027,,,"Fixed road safety cameras may detect one or more of the following offences: speed, red light, unregistered vehicles. Please note: Due to required performance analysis and administrative checks, up to date camera test/compliance certificates may take up to 3 weeks to upload.",,commissioned,,"-37.736486,144.990372"
278,F86,Geelong West,Church Street,"Church Street, at the intersection of Church Street and Shannon Avenue, Geelong West",3218,27/01/2026,27/01/2026,Fixed Camera,https://content.vic.gov.au/sites/default/files/2026-02/F86-geelong-west-intersection-church-street-and-shannon-avenue-camera-cert-270126.pdf,Intersection,Demonstrated accident risk,https://www.vic.gov.au/find-road-safety-camera,-38.130706,144.338441,Shannon Avenue,27/01/2027,,,"Fixed road safety cameras may detect one or more of the following offences: speed, red light, unregistered vehicles. Please note: Due to required performance analysis and administrative checks, up to date camera test/compliance certificates may take up to 3 weeks to upload.",,commissioned,,"-38.130706,144.338441"
289,H26S,Craigieburn,"Hume Freeway, Southbound","Hume Freeway, Southbound, Craigieburn, 61 Metres South of Amaroo Road",3064,3/10/2025,3/10/2025,Fixed Camera,https://content.vic.gov.au/sites/default/files/2025-11/H26S-hume-freeway-craigieburn-southbound-camera-cert-031025.pdf,Point-to-point,Demonstrated accident risk,https://www.vic.gov.au/find-road-safety-camera,-37.584455,144.9443952,61 Metres South of Amaroo Road,3/10/2026,,,"Point-to-point safety cameras consist of a network of two or more cameras that work together as a system. They are placed at individual points along a stretch of road and can calculate whether a vehicle is speeding between the camera locations. Please note: Due to required performance analysis and administrative checks, up to date camera test/compliance certificates may take up to 3 weeks to upload.",,commissioned,,"-37.584455,144.9443952"
290,H40N,Beveridge,"Hume Freeway, Northbound","Hume Freeway, Northbound, Beveridge, Mount Fraser",3753,3/07/2026,3/07/2026,Fixed Camera,https://content.vic.gov.au/sites/default/files/2026-07/H40N-hume-freeway-beveridge-northbound-camera-cert-030726.pdf,Point-to-point,Demonstrated accident risk,https://www.vic.gov.au/find-road-safety-camera,-37.46022,144.9722278,Mount Fraser,3/07/2027,,,"Point-to-point safety cameras consist of a network of two or more cameras that work together as a system. They are placed at individual points along a stretch of road and can calculate whether a vehicle is speeding between the camera locations. Please note: Due to required performance analysis and administrative checks, up to date camera test/compliance certificates may take up to 3 weeks to upload.",,commissioned,,"-37.46022,144.9722278"
300,PL14N,Frankston North,"Peninsula Link Freeway, Northbound","Peninsula Link Freeway, Northbound, Frankston North, Ballarto Road Bridge",3200,6/05/2026,6/05/2026,Fixed Camera,https://content.vic.gov.au/sites/default/files/2026-05/PL14N-peninsula-link-ballarto-rd-bridge-frankston-north-northbound-camera-cert-060526.pdf,Point-to-point,Demonstrated accident risk,https://www.vic.gov.au/find-road-safety-camera,-38.113716,145.164485,Ballarto Road Bridge,6/05/2027,,,"Point-to-point safety cameras consist of a network of two or more cameras that work together as a system. They are placed at individual points along a stretch of road and can calculate whether a vehicle is speeding between the camera locations. Please note: Due to required performance analysis and administrative checks, up to date camera test/compliance certificates may take up to 3 weeks to upload.",,commissioned,Coming up,"-38.113716,145.164485"
303,PL17S,Frankston,"Peninsula Link Freeway, Southbound","Peninsula Link Freeway, Southbound, Frankston, Skye Road Bridge",3199,5/02/2026,5/02/2026,Fixed Camera,https://content.vic.gov.au/sites/default/files/2026-02/PL17S-peninsula-link-skye-rd-bridge-southbound-insta-camera-cert-050226.pdf,Point-to-point,Demonstrated accident risk,https://www.vic.gov.au/find-road-safety-camera,-38.141188,145.173233,Skye Road Bridge,5/02/2027,,,"Fixed road safety cameras may detect one or more of the following offences: speed, red light, unregistered vehicles. Please note: Due to required performance analysis and administrative checks, up to date camera test/compliance certificates may take up to 3 weeks to upload.",,commissioned,,"-38.141188,145.173233"
305,PL27S,Moorooduc,"Peninsula Link Freeway, Southbound","Peninsula Link Freeway, Southbound, Moorooduc, Eramosa Road West Bridge",3933,5/02/2026,5/02/2026,Fixed Camera,https://content.vic.gov.au/sites/default/files/2026-02/PL27S-peninsula-link-eramosa-rd-west-bridge-southbound-inst-camera-cert-050226.pdf,Point-to-point,Demonstrated accident risk,https://www.vic.gov.au/find-road-safety-camera,-38.216401,145.129323,Eramosa Road West Bridge,5/02/2027,,,"Fixed road safety cameras may detect one or more of the following offences: speed, red light, unregistered vehicles. Please note: Due to required performance analysis and administrative checks, up to date camera test/compliance certificates may take up to 3 weeks to upload.",,commissioned,,"-38.216401,145.129323"
306,PL31S,Moorooduc,"Peninsula Link Freeway, Southbound","Peninsula Link Freeway, Southbound, Moorooduc, Mornington-Tyabb Road Bridge",3933,5/02/2026,5/02/2026,Fixed Camera,https://content.vic.gov.au/sites/default/files/2026-02/PL31S-peninsula-link-mornington-tyabb-rd-bridge-southbound-camera-cert-050226.pdf,Point-to-point,Demonstrated accident risk,https://www.vic.gov.au/find-road-safety-camera,-38.251999,145.118008,Mornington-Tyabb Road Bridge,5/02/2027,,,"Fixed road safety cameras may detect one or more of the following offences: speed, red light, unregistered vehicles. Please note: Due to required performance analysis and administrative checks, up to date camera test/compliance certificates may take up to 3 weeks to upload.",,commissioned,,"-38.251999,145.118008"
316,X01E,Bagshot,Midland Highway,"Midland Highway, at the intersection of Midland Highway and Bagshot level crossing 40 metres West of Peatlings Road, Bagshot",3551,8/10/2025,8/10/2025,Fixed Camera,https://content.vic.gov.au/sites/default/files/2025-11/X01E-bagshot-midland-highway-eastbound-bagshot-level-crossing-peatings-road-camera-cert-081025.pdf,Intersection,Demonstrated accident risk,https://www.vic.gov.au/find-road-safety-camera,-36.6540053,144.40449,Bagshot level crossing 40 metres West of Peatlings Road,8/10/2026,,,"Fixed road safety cameras may detect one or more of the following offences: speed, red light, unregistered vehicles. Please note: Due to required performance analysis and administrative checks, up to date camera test/compliance certificates may take up to 3 weeks to upload.",,commissioned,,"-36.6540053,144.40449"
321,H138S,Creightons Creek,"Hume Freeway, Southbound","Hume Freeway, Southbound, Creightons Creek, 160 Metres Northeast of Creightons Siding Road",3666,29/07/2026,11/04/2025,Fixed Camera,https://content.vic.gov.au/sites/default/files/2026-09/H138S-creightsons-hume-freeway-and-160-metres-northeast-of-creightons-siding-road-camera-cert-290726.pdf,Freeway,Demonstrated accident risk,https://www.vic.gov.au/find-road-safety-camera,-36.790724,145.488833,160 Metres Northeast of Creightons Siding Road,29/07/2027,,,"Point-to-point safety cameras consist of a network of two or more cameras that work together as a system. They are placed at individual points along a stretch of road and can calculate whether a vehicle is speeding between the camera locations. Please note: Due to required performance analysis and administrative checks, up to date camera test/compliance certificates may take up to 3 weeks to upload.",,commissioned,Upcoming,"-36.790724,145.488833"
325,F14NM,Clayton,Dandenong Road,"Dandenong Road, at the intersection of Dandenong Road and Clayton Road, Clayton",3168,2/10/2025,2/10/2025,Fixed Camera,https://content.vic.gov.au/sites/default/files/2025-12/F14NM12-intersection-of-dandenong-rd-and-clayton-rd-clayton-camera-cert-021025.pdf,Intersection,Demonstrated accident risk,https://www.vic.gov.au/find-road-safety-camera,-37.91171,145.122453,Clayton Road,2/10/2026,,,"Fixed road safety cameras may detect one or more of the following offences: speed, red light, unregistered vehicles. Please note: Due to required performance analysis and administrative checks, up to date camera test/compliance certificates may take up to",,commissioned,,"-37.91171,145.122453"
326,GV15N,Tablik,Goulburn Valley Freeway,"Goulburn Valley Freeway, Tablik, approximately 130 metres South of Mitchellstown",3607,19/11/2025,19/11/2025,Fixed Camera,https://content.vic.gov.au/sites/default/files/2025-12/GV15N-tabilk-goulbourn-valley-freeway-and-100-metres-south-of-mitchellstown-road-camera-cert-191125.pdf,Freeway,Demonstrated accident risk,https://www.vic.gov.au/find-road-safety-camera,-36.847401,145.142146,approximately 130 metres South of Mitchellstown,19/11/2026,,,,,,,"-36.847401,145.142146"
4,A07,Braybrook,Duke Street,"Duke Street, at the intersection of Duke Street and Ballarat Road, Braybrook",3019,20/10/2025,20/10/2025,Fixed Camera,https://content.vic.gov.au/sites/default/files/2025-11/A07-braybrook-duke-street-intersection-of-duke-street-and-ballarat-road-camera-cert-201025.pdf,Intersection,Demonstrated accident risk,https://www.vic.gov.au/find-road-safety-camera,-37.7788908,144.8472912,Ballarat Road,20/10/2026,,,"Fixed road safety cameras may detect one or more of the following offences: speed, red light, unregistered vehicles. Please note: Due to required performance analysis and administrative checks, up to date camera test/compliance certificates may take up to 3 weeks to upload.",,commissioned,,"-37.7788908,144.8472912"
17,A28,Kew East,Harp Road,"Harp Road, at the intersection of Harp Road and Burke Road, Kew East",3102,2/02/2026,2/02/2026,Fixed Camera,https://content.vic.gov.au/sites/default/files/2026-04/A28-kew-east-intersection-of-harp-road-and-burke-road-camera-cert-020226.pdf,Intersection,Demonstrated accident risk,https://www.vic.gov.au/find-road-safety-camera,-37.8007249,145.0623809,Burke Road,2/02/2027,,,"Fixed road safety cameras may detect one or more of the following offences: speed, red light, unregistered vehicles. Please note: Due to required performance analysis and administrative checks, up to date camera test/compliance certificates may take up to 3 weeks to upload.",,commissioned,,"-37.8007249,145.0623809"
19,A39,Clayton South,Centre Road,"Centre Road, at the intersection of Centre Road and Springs Road, Clayton South",3169,5/08/2025,5/08/2025,Fixed Camera,https://content.vic.gov.au/sites/default/files/2025-09/A39-centre-road-intersection-of-centre-road-and-springs-road-clayton-south-camera-cert-050825.pdf,Intersection,Demonstrated accident risk,https://www.vic.gov.au/find-road-safety-camera,-37.927488,145.1100484,Springs Road,5/08/2026,,,"Fixed road safety cameras may detect one or more of the following offences: speed, red light, unregistered vehicles. Please note: Due to required performance analysis and administrative checks, up to date camera test/compliance certificates may take up to 3 weeks to upload.",,commissioned,,"-37.927488,145.1100484"
26,A49,Glen Iris,High Street,"High Street, at the intersection of High Street and Summerhill Road, Glen Iris",3146,6/01/2026,6/01/2026,Fixed Camera,https://content.vic.gov.au/sites/default/files/2026-01/A49-glen-iris-intersection-of-high-street-and-summerhill-road-glen-iris-camera-cert-060126.pdf,Intersection,Demonstrated accident risk,https://www.vic.gov.au/find-road-safety-camera,-37.86274,145.074472,Summerhill Road,6/01/2027,,,"Fixed road safety cameras may detect one or more of the following offences: speed, red light, unregistered vehicles. Please note: Due to required performance analysis and administrative checks, up to date camera test/compliance certificates may take up to 3 weeks to upload.",,commissioned,,"-37.86274,145.074472"
32,A59,Echuca,Ogilvie Avenue,"Ogilvie Avenue, at the intersection of Ogilvie Avenue and High Street, Echuca",3564,12/05/2026,12/05/2026,Fixed Camera,https://content.vic.gov.au/sites/default/files/2026-05/A59-Echuca-intersection-of-ogilvie-avenue-and-high-street-camera-cert-120526.pdf,Intersection,Demonstrated accident risk,https://www.vic.gov.au/find-road-safety-camera,-36.140432,144.750963,High Street,12/05/2027,,,"Fixed road safety cameras may detect one or more of the following offences: speed, red light, unregistered vehicles. Please note: Due to required performance analysis and administrative checks, up to date camera test/compliance certificates may take up to 3 weeks to upload.",,commissioned,Coming up,"-36.140432,144.750963"
40,A85,Balwyn North,Doncaster Road,"Doncaster Road, at the intersection of Doncaster Road and Gardenia Road, Balwyn North",3104,7/10/2025,7/10/2025,Fixed Camera,https://content.vic.gov.au/sites/default/files/2025-11/A85-balwyn-north-doncaster-road-intersection-of-doncaster-road-and-gardenia-road-camera-cert-071025.pdf,Intersection,Demonstrated accident risk,https://www.vic.gov.au/find-road-safety-camera,-37.7898916,145.0995281,Gardenia Road,7/10/2026,,,"Fixed road safety cameras may detect one or more of the following offences: speed, red light, unregistered vehicles. Please note: Due to required performance analysis and administrative checks, up to date camera test/compliance certificates may take up to 3 weeks to upload.",,commissioned,,"-37.7898916,145.0995281"
44,A92,South Geelong,Latrobe Terrace,"Latrobe Terrace, at the intersection of Latrobe Terrace and Fyans Street, South Geelong",3220,14/07/2026,14/07/2026,Fixed Camera,https://content.vic.gov.au/sites/default/files/2026-07/A92-south-geelong-intersection-of-latrobe-terrace-and-fyans-street-camera-cert-140726.pdf,Intersection,Demonstrated accident risk,https://www.vic.gov.au/find-road-safety-camera,-38.160281,144.350325,Fyans Street,14/07/2027,,,"Fixed road safety cameras may detect one or more of the following offences: speed, red light, unregistered vehicles. Please note: Due to required performance analysis and administrative checks, up to date camera test/compliance certificates may take up to 3 weeks to upload.",,commissioned,,"-38.160281,144.350325"
52,B22,St Kilda,Alma Road,"Alma Road, at the intersection of Alma Road and Chapel Street, St Kilda",3182,27/04/2026,27/04/2026,Fixed Camera,https://content.vic.gov.au/sites/default/files/2026-05/B22-st-kilda-intersection-of-alma-road-and-chapel-street-camera-cert-270426.pdf ,Intersection,Demonstrated accident risk,https://www.vic.gov.au/find-road-safety-camera,-37.861424,144.991468,Chapel Street,27/04/2027,,,"Fixed road safety cameras may detect one or more of the following offences: speed, red light, unregistered vehicles. Please note: Due to required performance analysis and administrative checks, up to date camera test/compliance certificates may take up to 3 weeks to upload.",,commissioned,Upcoming,"-37.861424,144.991468"
58,C02,Abbotsford,Hoddle Street,"Hoddle Street, at the intersection of Hoddle Street and Victoria Street, Abbotsford",3067,10/12/2025,10/12/2025,Fixed Camera,https://content.vic.gov.au/sites/default/files/2025-12/C02-hoddle-street-intersection-of-hoddle-street-and-victoria-street-abbotsford-camera-cert-101225.pdf,Intersection,Demonstrated accident risk,https://www.vic.gov.au/find-road-safety-camera,-37.8094852,144.991539,Victoria Street,10/12/2026,,,"Fixed road safety cameras may detect one or more of the following offences: speed, red light, unregistered vehicles. Please note: Due to required performance analysis and administrative checks, up to date camera test/compliance certificates may take up to 3 weeks to upload.",,commissioned,,"-37.8094852,144.991539"
65,C09,Box Hill,Station Street,"Station Street, at the intersection of Station Street and Thames Street, Box Hill",3128,2/03/2026,2/03/2026,Fixed Camera,https://content.vic.gov.au/sites/default/files/2026-03/C09-box-hill-intersection-of-station-street-and-thames-street-camera-cert-020326.pdf,Intersection,Demonstrated accident risk,https://www.vic.gov.au/find-road-safety-camera,-37.813792,145.124719,Thames Street,2/03/2027,,,"Fixed road safety cameras may detect one or more of the following offences: speed, red light, unregistered vehicles. Please note: Due to required performance analysis and administrative checks, up to date camera test/compliance certificates may take up to 3 weeks to upload.",,commissioned,,"-37.813792,145.124719"
72,C19,Mentone,Nepean Highway,"Nepean Highway, at the intersection of Nepean Highway and Warrigal Road, Mentone",3194,18/03/2026,18/03/2026,Fixed Camera,https://content.vic.gov.au/sites/default/files/2026-04/C19-mentone-intersection-of-nepean-highway-and-warrigal-road-camera-cert-180326.pdf,Intersection,Demonstrated accident risk,https://www.vic.gov.au/find-road-safety-camera,-37.981847,145.071162,Warrigal Road,18/03/2027,,,"Fixed road safety cameras may detect one or more of the following offences: speed, red light, unregistered vehicles. Please note: Due to required performance analysis and administrative checks, up to date camera test/compliance certificates may take up to 3 weeks to upload.",,commissioned,,"-37.981847,145.071162"
77,C26,Malvern East,Princes Highway,"Princes Highway, at the intersection of Princes Highway and Belgrave Road, Malvern East",3145,13/03/2026,13/03/2026,Fixed Camera,https://content.vic.gov.au/sites/default/files/2026-04/C26-malvern-east-princes-highway-intersection-of-princes-highway-and-belgrave-road-camera-cert-130326.pdf,Intersection,Demonstrated accident risk,https://www.vic.gov.au/find-road-safety-camera,-37.8844596,145.0673342,Belgrave Road,13/03/2027,,,"Fixed road safety cameras may detect one or more of the following offences: speed, red light, unregistered vehicles. Please note: Due to required performance analysis and administrative checks, up to date camera test/compliance certificates may take up to 3 weeks to upload.",,commissioned,,"-37.8844596,145.0673342"
87,D03,St Kilda,Dandenong Road,"Dandenong Road, at the intersection of Dandenong Road and Chapel Street, St Kilda",3182,14/04/2026,14/04/2026,Fixed Camera,https://content.vic.gov.au/sites/default/files/2026-05/D03-st-kilda-intersection-of-dandenong-rd-and-chapel-st-camera-cert-140426.pdf,Intersection,Demonstrated accident risk,https://www.vic.gov.au/find-road-safety-camera,-37.857879,144.992413,Chapel Street,14/04/2027,,,"Fixed road safety cameras may detect one or more of the following offences: speed, red light, unregistered vehicles. Please note: Due to required performance analysis and administrative checks, up to date camera test/compliance certificates may take up to 3 weeks to upload.",,commissioned,Upcoming,"-37.857879,144.992413"
93,D10,Mornington,Nepean Highway,"Nepean Highway, at the intersection of Nepean Highway and Main Street, Mornington",3931,8/07/2026,8/07/2026,Fixed Camera,https://content.vic.gov.au/sites/default/files/2026-07/D10-mornington-nepean-hwy-and-main-st-camera-cert-camera-cert-080726.pdf,Intersection,Demonstrated accident risk,https://www.vic.gov.au/find-road-safety-camera,-38.22955,145.04465,Main Street,8/07/2027,,,"Fixed road safety cameras may detect one or more of the following offences: speed, red light, unregistered vehicles. Please note: Due to required performance analysis and administrative checks, up to date camera test/compliance certificates may take up to 3 weeks to upload.",,commissioned,,"-38.22955,145.04465"
95,D12,East Melbourne,Hoddle Street,"Hoddle Street, at the intersection of Hoddle Street and Wellington Parade, East Melbourne",3002,3/09/2025,3/09/2025,Fixed Camera,https://content.vic.gov.au/sites/default/files/2025-09/D12KM-intersection-of-hoddle-street-and-wellington-parade-east-melbourne-camera-cert-030925.pdf,Intersection,Demonstrated accident risk,https://www.vic.gov.au/find-road-safety-camera,-37.817616,144.9898,Wellington Parade,3/09/2026,,,"Fixed road safety cameras may detect one or more of the following offences: speed, red light, unregistered vehicles. Please note: Due to required performance analysis and administrative checks, up to date camera test/compliance certificates may take up to 3 weeks to upload.",,commissioned,,"-37.817616,144.9898"
97,D15,Kew,Denmark Street,"Denmark Street, at the intersection of Denmark Street and High Street South, Kew",3101,22/01/2026,22/01/2026,Fixed Camera,https://content.vic.gov.au/sites/default/files/2026-02/D15-kew-intersection-of-denmark-st-and-high-st-sth-camera-cert-220126.pdf,Intersection,Demonstrated accident risk,https://www.vic.gov.au/find-road-safety-camera,-37.807747,145.028834,High Street South,22/01/2027,,,"Fixed road safety cameras may detect one or more of the following offences: speed, red light, unregistered vehicles. Please note: Due to required performance analysis and administrative checks, up to date camera test/compliance certificates may take up to 3 weeks to upload.",,commissioned,,"-37.807747,145.028834"
106,D24,Malvern East,Dandenong Road,"Dandenong Road, at the intersection of Dandenong Road and Warrigal Road, Malvern East",3145,31/07/2026,31/07/2026,Fixed Camera,https://content.vic.gov.au/sites/default/files/2025-08/D24_malvern_east_intersection_of_dandenong_road_and_warrigal_road_camera_cert_310725.pdf,Intersection,Demonstrated accident risk,https://www.vic.gov.au/find-road-safety-camera,-37.892834,145.088057,Warrigal Road,31/07/2027,,,"Fixed road safety cameras may detect one or more of the following offences: speed, red light, unregistered vehicles. Please note: Due to required performance analysis and administrative checks, up to date camera test/compliance certificates may take up to 3 weeks to upload.",,commissioned,,"-37.892834,145.088057"
113,D30,Noble Park North,Princes Highway,"Princes Highway, at the intersection of Princes Highway and Elonera Road, Noble Park North",3174,19/01/2026,19/01/2026,Fixed Camera,https://content.vic.gov.au/sites/default/files/2026-02/D30-noble-park-north-intersection-of-princes-hwy-and-elonera-rd-camera-cert-190126.pdf,Intersection,Demonstrated accident risk,https://www.vic.gov.au/find-road-safety-camera,-37.961474,145.188408,Elonera Road,19/01/2027,,,"Fixed road safety cameras may detect one or more of the following offences: speed, red light, unregistered vehicles. Please note: Due to required performance analysis and administrative checks, up to date camera test/compliance certificates may take up to 3 weeks to upload.",,commissioned,,"-37.961474,145.188408"
114,D31,Coburg,Gaffney Street,"Gaffney Street, at the intersection of Gaffney Street and Sydney Road, Coburg",3058,2/07/2026,2/07/2026,Fixed Camera,https://content.vic.gov.au/sites/default/files/2026-07/D31-coburg-intersection-of-gaffney-st-and-sydney-rd-camera-cert-020726.pdf,Intersection,Demonstrated accident risk,https://www.vic.gov.au/find-road-safety-camera,-37.734032,144.965534,Sydney Road,2/07/2027,,,"Fixed road safety cameras may detect one or more of the following offences: speed, red light, unregistered vehicles. Please note: Due to required performance analysis and administrative checks, up to date camera test/compliance certificates may take up to 3 weeks to upload.",,commissioned,,"-37.734032,144.965534"
116,D33,Oakleigh South,Centre Road,"Centre Road, at the intersection of Centre Road and Huntingdale Road, Oakleigh South",3167,23/10/2025,23/10/2025,Fixed Camera,https://content.vic.gov.au/sites/default/files/2025-11/D33-oakleigh-south-centre-road-intersection-of-centre-road-and-huntingdale-road-camera-cert-231025.pdf,Intersection,Demonstrated accident risk,https://www.vic.gov.au/find-road-safety-camera,-37.926235,145.100452,Huntingdale Road,23/10/2026,,,"Fixed road safety cameras may detect one or more of the following offences: speed, red light, unregistered vehicles. Please note: Due to required performance analysis and administrative checks, up to date camera test/compliance certificates may take up to 3 weeks to upload.",,commissioned,,"-37.926235,145.100452"
129,D44,Forest Hill,Springvale Road,"Springvale Road, at the intersection of Springvale Road and Canterbury Road, Forest Hill",3131,13/11/2025,13/11/2025,Fixed Camera,https://content.vic.gov.au/sites/default/files/2025-11/D44KM-forest-hill-intersection-of-springvale-road-and-canterbury-road-camera-cert-131125.pdf,Intersection,Demonstrated accident risk,https://www.vic.gov.au/find-road-safety-camera,-37.834568,145.172889,Canterbury Road,13/11/2026,,,"Fixed road safety cameras may detect one or more of the following offences: speed, red light, unregistered vehicles. Please note: Due to required performance analysis and administrative checks, up to date camera test/compliance certificates may take up to 3 weeks to upload.",,commissioned,,"-37.834568,145.172889"
131,D45S,Narre Warren North,Narre Warren North Road,"Narre Warren North Road, at the intersection of Narre Warren North Road and Ernst Wanke Road, Narre Warren North",3804,27/02/2026,27/02/2026,Fixed Camera,https://content.vic.gov.au/sites/default/files/2026-03/D45S-narre-warren-north-road-ernst-wanke-road-narre-warren-north-camera-cert-270226.pdf,Intersection,Demonstrated accident risk,https://www.vic.gov.au/find-road-safety-camera,-37.996562,145.312803,Ernst Wanke Road,27/02/2027,,,"Fixed road safety cameras may detect one or more of the following offences: speed, red light, unregistered vehicles. Please note: Due to required performance analysis and administrative checks, up to date camera test/compliance certificates may take up to 3 weeks to upload.",,commissioned,,"-37.996562,145.312803"
144,D56N,Attwood,Mickleham Road,"Mickleham Road, at the intersection of Mickleham Road and Haddon Hall Drive, Attwood",3049,12/03/2026,12/03/2026,Fixed Camera,https://content.vic.gov.au/sites/default/files/2026-04/D56N-mickleham-road-intersection-of-mickleham-road-and-haddon-hall-drive-northbound-attwood-camera-cert-120326.pdf,Intersection,Demonstrated accident risk,https://www.vic.gov.au/find-road-safety-camera,-37.66973249,144.885336,Haddon Hall Drive,12/03/2027,,,"Fixed road safety cameras may detect one or more of the following offences: speed, red light, unregistered vehicles. Please note: Due to required performance analysis and administrative checks, up to date camera test/compliance certificates may take up to 3 weeks to upload.",,commissioned,,"-37.66973249,144.885336"
146,D58,Traralgon,Seymour Street,"Seymour Street, at the intersection of Seymour Street and Argyle Street, Traralgon",3844,2/06/2026,2/06/2026,Fixed Camera,https://content.vic.gov.au/sites/default/files/2026-06/D58-traralgon-st-intersection-of-seymour-st-and-argyle-st-camera-cert-020625.pdf,Intersection,Demonstrated accident risk,https://www.vic.gov.au/find-road-safety-camera,-38.196409,146.541021,Argyle Street,2/06/2027,,,"Fixed road safety cameras may detect one or more of the following offences: speed, red light, unregistered vehicles. Please note: Due to required performance analysis and administrative checks, up to date camera test/compliance certificates may take up to 3 weeks to upload.",,commissioned,Coming up,"-38.196409,146.541021"
147,D60E,Avondale Heights,Canning Street,"Canning Street, at the intersection of Canning Street and Bellavista Drive, Avondale Heights",3034,21/10/2025,21/10/2025,Fixed Camera,https://content.vic.gov.au/sites/default/files/2025-11/D60E-avondale-heights-intersection-canning-street-and-bellavista-drive-camera-cert-211025.pdf,Intersection,Demonstrated accident risk,https://www.vic.gov.au/find-road-safety-camera,-37.76957792,144.8714713,Bellavista Drive,21/10/2026,,,"Fixed road safety cameras may detect one or more of the following offences: speed, red light, unregistered vehicles. Please note: Due to required performance analysis and administrative checks, up to date camera test/compliance certificates may take up to 3 weeks to upload.",,commissioned,,"-37.76957792,144.8714713"
150,D62,Keysborough,Dandenong Bypass,"Dandenong Bypass, at the intersection of Dandenong Bypass and Chandler Road, Keysborough",3173,1/05/2026,1/05/2026,Fixed Camera,https://content.vic.gov.au/sites/default/files/2026-05/D62KM-dandenong-bypass-chandler-road-keysborough-camera-cert-010526.pdf,Intersection,Demonstrated accident risk,https://www.vic.gov.au/find-road-safety-camera,-38.00012939,145.1811772,Chandler Road,1/05/2027,,,"Fixed road safety cameras may detect one or more of the following offences: speed, red light, unregistered vehicles. Please note: Due to required performance analysis and administrative checks, up to date camera test/compliance certificates may take up to 3 weeks to upload.",,commissioned,,"-38.00012939,145.1811772"
159,D73,Dandenong,Stud Road,"Stud Road, at the intersection of Stud Road and Clow Street, Dandenong",3175,13/02/2026,13/02/2026,Fixed Camera,https://content.vic.gov.au/sites/default/files/2026-02/D73-dandenong-stud-road-intersection-and-clow-street-camera-cert-130226.pdf,Intersection,Demonstrated accident risk,https://www.vic.gov.au/find-road-safety-camera,-37.98539387,145.2208714,Clow Street,13/02/2027,,,"Fixed road safety cameras may detect one or more of the following offences: speed, red light, unregistered vehicles. Please note: Due to required performance analysis and administrative checks, up to date camera test/compliance certificates may take up to 3 weeks to upload.",,commissioned,,"-37.98539387,145.2208714"
165,D80,Gladstone Park,Mickleham Road,"Mickleham Road, at the intersection of Mickleham Road and Rylands Drive, Gladstone Park",3043,9/04/2026,9/04/2026,Fixed Camera,https://content.vic.gov.au/sites/default/files/2026-04/D80-gladstone-park-mickleham-road-and-rylands-drive.pdf,Intersection,Demonstrated accident risk,https://www.vic.gov.au/find-road-safety-camera,-37.684342,144.883096,Rylands Drive,9/04/2027,,,"Fixed road safety cameras may detect one or more of the following offences: speed, red light, unregistered vehicles. Please note: Due to required performance analysis and administrative checks, up to date camera test/compliance certificates may take up to 3 weeks to upload.",,commissioned,,"-37.684342,144.883096"
168,D82N,Clayton,Princes Highway,"Princes Highway, at the intersection of Princes Highway and Westall Road, Clayton",3168,17/08/2026,15/08/2025,Fixed Camera,https://content.vic.gov.au/sites/default/files/2026-09/D82N-clayton-intersection-of-princes-highway-and-westall-rd-camera-cert-170826.pdf,Intersection,Demonstrated accident risk,https://www.vic.gov.au/find-road-safety-camera,-37.9250295,145.1437273,Westall Road,17/08/2027,,,"Fixed road safety cameras may detect one or more of the following offences: speed, red light, unregistered vehicles. Please note: Due to required performance analysis and administrative checks, up to date camera test/compliance certificates may take up to 3 weeks to upload.",,commissioned,,"-37.9250295,145.1437273"
171,D84,Mulgrave,Springvale Road,"Springvale Road, at the intersection of Springvale Road and Princes Highway, Mulgrave",3170,12/06/2026,2/03/2026,Fixed Camera,https://content.vic.gov.au/sites/default/files/2026-09/D84-mulgrave-intersection-of-springvale-road-and-princes-highway-camera-cert-120626.pdf,Intersection,Demonstrated accident risk,https://www.vic.gov.au/find-road-safety-camera,-37.932001,145.156242,Princes Highway,12/06/2027,,,"Fixed road safety cameras may detect one or more of the following offences: speed, red light, unregistered vehicles. Please note: Due to required performance analysis and administrative checks, up to date camera test/compliance certificates may take up to 3 weeks to upload.",,commissioned,,"-37.932001,145.156242"
174,D86W,Hillside,Melton Highway,"Melton Highway, at the intersection of Melton Highway and Gourlay Road, Hillside",3037,3/08/2026,3/08/2026,Fixed Camera,https://content.vic.gov.au/sites/default/files/2025-08/D86W_hillside_melton_highway_and_the_parks_camera_cert_010825.pdf,Intersection,Demonstrated accident risk,https://www.vic.gov.au/find-road-safety-camera,-37.69182059,144.7442507,Gourlay Road,3/08/2027,,,"Fixed road safety cameras may detect one or more of the following offences: speed, red light, unregistered vehicles. Please note: Due to required performance analysis and administrative checks, up to date camera test/compliance certificates may take up to 3 weeks to upload.",,commissioned,,"-37.69182059,144.7442507"
175,EA,Donvale,Mullum Mullum Tunnel,"Mullum Mullum Tunnel, Donvale, approximately 600m prior to tunnel exit",3111,14/11/2025,14/11/2025,Fixed Camera,https://content.vic.gov.au/sites/default/files/2025-11/EA-donvale-mullum-mullum-tunnel-camera-cert-141125.pdf,Highway,Demonstrated accident risk,https://www.vic.gov.au/find-road-safety-camera,-37.805249,145.2076292,approximately 600m prior to tunnel exit,14/11/2026,,,"Fixed road safety cameras may detect one or more of the following offences: speed, red light, unregistered vehicles. Please note: Due to required performance analysis and administrative checks, up to date camera test/compliance certificates may take up to 3 weeks to upload.",,commissioned,,"-37.805249,145.2076292"
177,EC,Keysborough,"EastLink, Southbound","EastLink, Southbound, Keysborough, Dandenong Bypass Bridge",3173,16/02/2026,16/02/2026,Fixed Camera,https://content.vic.gov.au/sites/default/files/2026-03/EC-keysborough-sb-dandenongbypassbridge-camera-cert-160226.pdf,Highway,Demonstrated accident risk,https://www.vic.gov.au/find-road-safety-camera,-38.0012481,145.1916111,Dandenong Bypass Bridge,16/02/2027,,,"Fixed road safety cameras may detect one or more of the following offences: speed, red light, unregistered vehicles. Please note: Due to required performance analysis and administrative checks, up to date camera test/compliance certificates may take up to 3 weeks to upload.",,commissioned,,"-38.0012481,145.1916111"
179,EG,Rowville,"EastLink, Northbound","EastLink, Northbound, Rowville, Wellington Road Bridge",3178,13/02/2026,13/02/2026,Fixed Camera,https://content.vic.gov.au/sites/default/files/2026-03/EG-eastlink-rowville-nb-wellingtonroadbridge-camera-cert-130226.pdf,Highway,Demonstrated accident risk,https://www.vic.gov.au/find-road-safety-camera,-37.9255643,145.2129292,Wellington Road Bridge,13/02/2027,,,"Fixed road safety cameras may detect one or more of the following offences: speed, red light, unregistered vehicles. Please note: Due to required performance analysis and administrative checks, up to date camera test/compliance certificates may take up to 3 weeks to upload.",,commissioned,,"-37.9255643,145.2129292"
180,EH,Keysborough,"EastLink, Northbound","EastLink, Northbound, Keysborough, Dandenong Bypass Bridge",3173,16/02/2026,16/02/2026,Fixed Camera,https://content.vic.gov.au/sites/default/files/2026-03/EH-keysborough-nb-dandenongbypassbridge-160226.pdf,Highway,Demonstrated accident risk,https://www.vic.gov.au/find-road-safety-camera,-38.0012101,145.1911497,Dandenong Bypass Bridge,16/02/2027,,,"Fixed road safety cameras may detect one or more of the following offences: speed, red light, unregistered vehicles. Please note: Due to required performance analysis and administrative checks, up to date camera test/compliance certificates may take up to 3 weeks to upload.",,commissioned,,"-38.0012101,145.1911497"
181,F01,Camberwell,Prospect Hill Road,"Prospect Hill Road, at the intersection of Prospect Hill Road and Burke Road, Camberwell",3124,28/05/2026,28/05/2026,Fixed Camera,https://content.vic.gov.au/sites/default/files/2026-06/F01-camberwell-intersection-of-prospect-hill-rd-and-burke-rd-camera-cert-280526.pdf,Intersection,Demonstrated accident risk,https://www.vic.gov.au/find-road-safety-camera,-37.828198,145.057438,Burke Road,28/05/2027,,,"Fixed road safety cameras may detect one or more of the following offences: speed, red light, unregistered vehicles. Please note: Due to required performance analysis and administrative checks, up to date camera test/compliance certificates may take up to 3 weeks to upload.",,commissioned,,"-37.828198,145.057438"
184,F03S,Parkville,Royal Parade,"Royal Parade, at the intersection of Royal Parade and Cemetery Road West, Parkville",3052,13/11/2025,13/11/2025,Fixed Camera,https://content.vic.gov.au/sites/default/files/2025-11/F03S-west-parkville-intersection-royal-parade-and-cemetery-road-camera-cert-131125.pdf,Intersection,Demonstrated accident risk,https://www.vic.gov.au/find-road-safety-camera,-37.789731,144.958952,Cemetery Road West,13/11/2026,,,"Fixed road safety cameras may detect one or more of the following offences: speed, red light, unregistered vehicles. Please note: Due to required performance analysis and administrative checks, up to date camera test/compliance certificates may take up to 3 weeks to upload.",,commissioned,,"-37.789731,144.958952"
186,F05,Preston,Bell Street,"Bell Street, at the intersection of Bell Street and St Georges Road, Preston",3072,30/12/2025,30/12/2025,Fixed Camera,https://content.vic.gov.au/sites/default/files/2026-01/F05-preston-intersection-of-bell-st-and-st-georges-rd-camera-cert-301225.pdf,Intersection,Demonstrated accident risk,https://www.vic.gov.au/find-road-safety-camera,-37.744534,144.997361,St Georges Road,30/12/2026,,,"Fixed road safety cameras may detect one or more of the following offences: speed, red light, unregistered vehicles. Please note: Due to required performance analysis and administrative checks, up to date camera test/compliance certificates may take up to 3 weeks to upload.",,commissioned,,"-37.744534,144.997361"
194,F12E,Collingwood,Johnston Street,"Johnston Street, at the intersection of Johnston Street and Hoddle Street, Collingwood",3066,6/11/2025,6/11/2025,Fixed Camera,https://content.vic.gov.au/sites/default/files/2026-04/F12E-intersection-johnston-st-and-hoddle-st-collingwood-eastbound-camera-cert-061125.pdf,Intersection,Demonstrated accident risk,https://www.vic.gov.au/find-road-safety-camera,-37.799778,144.992744,Hoddle Street,6/11/2026,,,"Fixed road safety cameras may detect one or more of the following offences: speed, red light, unregistered vehicles. Please note: Due to required performance analysis and administrative checks, up to date camera test/compliance certificates may take up to 3 weeks to upload.",,commissioned,,"-37.799778,144.992744"
202,F20,Coburg,Munro Street,"Munro Street, at the intersection of Munro Street and Sydney Road, Coburg",3058,3/03/2026,3/03/2026,Fixed Camera,https://content.vic.gov.au/sites/default/files/2026-04/F20-coburg-intersection-of-munro-st-and-sydney-rd-camera-cert-030326.pdf,Intersection,Demonstrated accident risk,https://www.vic.gov.au/find-road-safety-camera,-37.744944,144.965808,Sydney Road,3/03/2027,,,"Fixed road safety cameras may detect one or more of the following offences: speed, red light, unregistered vehicles. Please note: Due to required performance analysis and administrative checks, up to date camera test/compliance certificates may take up to 3 weeks to upload.",,commissioned,,"-37.744944,144.965808"
205,F21W,Altona North,Blackshaws Road,"Blackshaws Road, at the intersection of Blackshaws Road and Millers Road, Altona North",3025,26/11/2025,26/11/2025,Fixed Camera,https://content.vic.gov.au/sites/default/files/2025-12/F21W-altona-noth-eastbound-intersection-blackshaws-road-and-millers-road-camera-cert-261125.pdf,Intersection,Demonstrated accident risk,https://www.vic.gov.au/find-road-safety-camera,-37.831252,144.848449,Millers Road,26/11/2026,,,"40km per hour fixed road safety cameras may detect one or more of the following offences: speed, red light, unregistered vehicles. Please note: Due to required performance analysis and administrative checks, up to date camera test/compliance certificates may take up to 3 weeks to upload.",,commissioned,,"-37.831252,144.848449"
227,F40,Dandenong,Stud Road,"Stud Road, at the intersection of Stud Road and Heatherton Road, Dandenong",3175,21/01/2026,21/01/2026,Fixed Camera,https://content.vic.gov.au/sites/default/files/2026-02/F40-dandenong-intersection-of-stud-rd-and-heatherton-rd-camera-cert-210126.pdf,Intersection,Demonstrated accident risk,https://www.vic.gov.au/find-road-safety-camera,-37.971163,145.223382,Heatherton Road,21/01/2027,,,"Fixed road safety cameras may detect one or more of the following offences: speed, red light, unregistered vehicles. Please note: Due to required performance analysis and administrative checks, up to date camera test/compliance certificates may take up to 3 weeks to upload.",,commissioned,,"-37.971163,145.223382"
230,F43,Thornbury,St Georges Road,"St Georges Road, at the intersection of St Georges Road and Normanby Avenue, Thornbury",3071,19/08/2026,4/06/2025,Fixed Camera,https://content.vic.gov.au/sites/default/files/2026-09/F43-thornbury-st-georges-rd-and-normanby-ave-camera-cert-190826.pdf,Intersection,Demonstrated accident risk,https://www.vic.gov.au/find-road-safety-camera,-37.758892,144.99312,Normanby Avenue,19/08/2027,,,"Fixed road safety cameras may detect one or more of the following offences: speed, red light, unregistered vehicles. Please note: Due to required performance analysis and administrative checks, up to date camera test/compliance certificates may take up to 3 weeks to upload.",,commissioned,,"-37.758892,144.99312"
250,F60,Bell Park,Thompson Road,"Thompson Road, at the intersection of Thompson Road and Separation Street, Bell Park",3215,3/03/2026,3/03/2026,Fixed Camera,https://content.vic.gov.au/sites/default/files/2026-05/F60-bell-park-intersection-of-thompson-rd-and-separation-st-camera-cert-030326.pdf,Intersection,Demonstrated accident risk,https://www.vic.gov.au/find-road-safety-camera,-38.110913,144.343349,Separation Street,3/03/2027,,,"Fixed road safety cameras may detect one or more of the following offences: speed, red light, unregistered vehicles. Please note: Due to required performance analysis and administrative checks, up to date camera test/compliance certificates may take up to 3 weeks to upload.",,commissioned,,"-38.110913,144.343349"
265,F73,Camberwell,Toorak Road,"Toorak Road, at the intersection of Toorak Road and Burke Road, Camberwell",3124,28/08/2025,28/08/2025,Fixed Camera,https://content.vic.gov.au/sites/default/files/2025-09/F73_intersection-toorak-road-and-burke-road-camberwell-eastbound-camera-cert-280825.pdf,Intersection,Demonstrated accident risk,https://www.vic.gov.au/find-road-safety-camera,-37.845736,145.054116,Burke Road,28/08/2026,,,"Fixed road safety cameras may detect one or more of the following offences: speed, red light, unregistered vehicles. Please note: Due to required performance analysis and administrative checks, up to date camera test/compliance certificates may take up to 3 weeks to upload.",,commissioned,,"-37.845736,145.054116"
267,F75,Glen Waverley,Blackburn Road,"Blackburn Road, at the intersection of Blackburn Road and High Street Road, Glen Waverley",3150,15/10/2025,15/10/2025,Fixed Camera,https://content.vic.gov.au/sites/default/files/2026-01/F75-glen-waverley-intersection-blackburn-rd-and-high-street-rd-camera-cert-151025.pdf,Intersection,Demonstrated accident risk,https://www.vic.gov.au/find-road-safety-camera,-37.872077,145.14845,High Street Road,15/10/2026,,,"Fixed road safety cameras may detect one or more of the following offences: speed, red light, unregistered vehicles. Please note: Due to required performance analysis and administrative checks, up to date camera test/compliance certificates may take up to 3 weeks to upload.",,commissioned,,"-37.872077,145.14845"
276,F84,Brunswick West,Melville Road,"Melville Road, at the intersection of Melville Road and Albion Street, Brunswick West",3055,22/10/2025,22/10/2025,Fixed Camera,https://content.vic.gov.au/sites/default/files/2025-11/F84-brunswick-west-intersection-melville-road-and-albion-street-camera-cert-221025.pdf,Intersection,Demonstrated accident risk,https://www.vic.gov.au/find-road-safety-camera,-37.758578,144.944926,Albion Street,22/10/2026,,,"Fixed road safety cameras may detect one or more of the following offences: speed, red light, unregistered vehicles. Please note: Due to required performance analysis and administrative checks, up to date camera test/compliance certificates may take up to 3 weeks to upload.",,commissioned,,"-37.758578,144.944926"
280,GB,Point Cook,"Princes Freeway, Geelong Bound","Princes Freeway, Geelong Bound, Point Cook, Forsyth Road Bridge",3030,1/12/2025,1/12/2025,Fixed Camera,https://content.vic.gov.au/sites/default/files/2025-12/GB-point-cook-intersection-princess-fwy-and-forsyth-road-bridge-point-cook-camera-cert-011225.pdf,Freeway,Demonstrated accident risk,https://www.vic.gov.au/find-road-safety-camera,-37.873428,144.737238,Forsyth Road Bridge,1/12/2026,,,"Fixed road safety cameras may detect one or more of the following offences: speed, red light, unregistered vehicles. Please note: Due to required performance analysis and administrative checks, up to date camera test/compliance certificates may take up to 3 weeks to upload.",,commissioned,,"-37.873428,144.737238"
285,GG,Williams Landing,"Princes Freeway, Melbourne Bound","Princes Freeway, Melbourne Bound, Williams Landing, Forsyth Road Bridge",3027,1/12/2025,1/12/2025,Fixed Camera,https://content.vic.gov.au/sites/default/files/2025-12/GG-williams-landing-intersection-princess-fwy-forsyth-road-bridge-camera-cert-011225.pdf,Freeway,Demonstrated accident risk,https://www.vic.gov.au/find-road-safety-camera,-37.87341,144.736371,Forsyth Road Bridge,1/12/2026,,,"Point-to-point safety cameras consist of a network of two or more cameras that work together as a system. They are placed at individual points along a stretch of road and can calculate whether a vehicle is speeding between the camera locations. Please note: Due to required performance analysis and administrative checks, up to date camera test/compliance certificates may take up to 3 weeks to upload.",,commissioned,,"-37.87341,144.736371"
294,H72N,Broadford,"Hume Freeway, Northbound","Hume Freeway, Northbound, Broadford, 101 Metres south of Broadford-Flowerdale Road",3658,31/03/2026,31/03/2026,Fixed Camera,https://content.vic.gov.au/sites/default/files/2026-04/H72N-hume-freeway-broadford-northbound-camera-cert-310326.pdf,Point-to-point,Demonstrated accident risk,https://www.vic.gov.au/find-road-safety-camera,-37.2074249,145.0686076,101 Metres south of Broadford-Flowerdale Road,31/03/2027,,,"Fixed road safety cameras may detect one or more of the following offences: speed, red light, unregistered vehicles. Please note: Due to required performance analysis and administrative checks, up to date camera test/compliance certificates may take up to 3 weeks to upload.",,commissioned,,"-37.2074249,145.0686076"
298,M11N,Glen Iris,"Monash Freeway, Northbound","Monash Freeway, Northbound, Glen Iris, approximately 290 metres South of High Street",3146,1/05/2026,1/05/2026,Fixed Camera,https://content.vic.gov.au/sites/default/files/2026-05/M11NA-glen-iris-and-NB-monash-freeway-northbound-camera-cert-010526.pdf,Freeway,Demonstrated accident risk,https://www.vic.gov.au/find-road-safety-camera,-37.862776,145.060078,approximately 290 metres South of High Street,1/05/2027,,,"Point-to-point safety cameras consist of a network of two or more cameras that work together as a system. They are placed at individual points along a stretch of road and can calculate whether a vehicle is speeding between the camera locations. Please note: Due to required performance analysis and administrative checks, up to date camera test/compliance certificates may take up to 3 weeks to upload.",,commissioned,Certs processed using only WO. Double check serial numbers when site is reactivated following resurfacing works.,"-37.862776,145.060078"
299,M11S,Glen Iris,"Monash Freeway, Southbound","Monash Freeway, Southbound, Glen Iris, approximately 470 metres South of High Street",3146,4/08/2026,4/08/2025,Fixed Camera,https://content.vic.gov.au/sites/default/files/2026-09/M11S-glen-iris-monash-freeway-southbound-camera-cert-040826_0.pdf,Freeway,Demonstrated accident risk,https://www.vic.gov.au/find-road-safety-camera,-37.864172,145.060628,approximately 470 metres South of High Street,4/08/2027,,,"Point-to-point safety cameras consist of a network of two or more cameras that work together as a system. They are placed at individual points along a stretch of road and can calculate whether a vehicle is speeding between the camera locations. Please note: Due to required performance analysis and administrative checks, up to date camera test/compliance certificates may take up to 3 weeks to upload.",,commissioned,,"-37.864172,145.060628"
309,WB,Keilor Park,"Western Ring Road, Southbound","Western Ring Road, Southbound, Keilor Park, Fullarton Road Bridge",3042,19/04/2024,19/04/2024,Fixed Camera,https://content.vic.gov.au/sites/default/files/2024-05/WB-WRR-Fullarton-Road-Bridge-Keilor-Park-SB-camera-cert.pdf,Freeway,Demonstrated accident risk,https://www.vic.gov.au/find-road-safety-camera,-37.726065,144.862085,Fullarton Road Bridge,19/04/2025,,,"Fixed road safety cameras may detect one or more of the following offences: speed, red light, unregistered vehicles. Please note: Due to required performance analysis and administrative checks, up to date camera test/compliance certificates may take up to 3 weeks to upload.",,commissioned,Long Term Deact,"-37.726065,144.862085"
318,D54,Warrnambool,Raglan Parade,"Raglan Parade, at the intersection of Raglan Parade and Caramut Road, Warrnambool",3280,8/12/2025,8/12/2025,Fixed Camera,https://content.vic.gov.au/sites/default/files/2025-12/D54-raglan-parade-and-caramut-road-warrnambool-camera-cert-081225.pdf,Intersection,Demonstrated accident risk,https://www.vic.gov.au/find-road-safety-camera,-38.36425,142.4596,Caramut Road,8/12/2026,,,"Fixed road safety cameras may detect one or more of the following offences: speed, red light, unregistered vehicles. Please note: Due to required performance analysis and administrative checks, up to date camera test/compliance certificates may take up to 3 weeks to upload.",,commissioned,,"-38.36425,142.4596"
329,GV04S,Mangalore,Goulburn Valley Freeway,"Goulburn Valley Freeway, Mangalore, approximately 1670 metres South of Selectors Rd/Gerrards Rd, Mangalore",3663,20/05/2026,20/05/2026,Fixed Camera,https://content.vic.gov.au/sites/default/files/2026-06/GV04S-goulburn-valley-fwy-and-1670-metres-south-of-selectors-rd-gerrards-rd-mangalore-camera-cert-200526.pdf,Freeway,Demonstrated accident risk,https://www.vic.gov.au/find-road-safety-camera,-36.942183,145.143985,"approximately 1670 metres South of Selectors Rd/Gerrards Rd, Mangalore",20/05/2027,,,,,,,"-36.942183,145.143985"
333,M126E,Trafalgar,Princes Freeway,"Princes Freeway, Trafalgar, Princes Freeway East & 120 Metres West of Kennys Road",3824,1/05/2026,1/05/2026,Fixed Camera,https://content.vic.gov.au/sites/default/files/2026-09/M126E-trafalgar-princes-freeway-east-and-120-metres-west-of-kennys-road-camera-cert-01052026.pdf,Freeway,Demonstrated accident risk,https://www.vic.gov.au/find-road-safety-camera,-38.203552,146.18062,"Princes Freeway East & 120 Metres West of Kennys Road, TRAFALGAR",1/05/2027,,,,,,,"-38.203552,146.18062"
1,A02,Melbourne Airport,Terminal Drive,"Terminal Drive, at the intersection of Terminal Drive and Centre Road, Melbourne Airport",3045,12/03/2026,12/03/2026,Fixed Camera,https://content.vic.gov.au/sites/default/files/2026-04/A02-melbourne-airport-intersection-of-terminal-drive-and-centre-road-camera-cert-120326.pdf,Intersection,Demonstrated accident risk,https://www.vic.gov.au/find-road-safety-camera,-37.673062,144.852223,Centre Road,12/03/2027,,,"Fixed road safety cameras may detect one or more of the following offences: speed, red light, unregistered vehicles. Please note: Due to required performance analysis and administrative checks, up to date camera test/compliance certificates may take up to 3 weeks to upload.",,commissioned,,"-37.673062,144.852223"
2,A03,Fitzroy North,Alexandra Parade,"Alexandra Parade, at the intersection of Alexandra Parade and George Street, Fitzroy North",3068,14/07/2026,14/07/2026,Fixed Camera,https://content.vic.gov.au/sites/default/files/2026-07/A03-fitzroy-north-intersection-of-alexandra-parade-and-george-street-camera-cert-080726.pdf,Intersection,Demonstrated accident risk,https://www.vic.gov.au/find-road-safety-camera,-37.793455,144.982617,George Street,14/07/2027,,,"Fixed road safety cameras may detect one or more of the following offences: speed, red light, unregistered vehicles. Please note: Due to required performance analysis and administrative checks, up to date camera test/compliance certificates may take up to 3 weeks to upload.",,commissioned,,"-37.793455,144.982617"
8,A13,Footscray,Gordon Street,"Gordon Street, at the intersection of Gordon Street and Barkly Street, Footscray",3011,14/01/2026,14/01/2026,Fixed Camera,https://content.vic.gov.au/sites/default/files/2026-01/A13-footscray-gordon-street-intersection-of-gordon-street-and-barkly-st-camera-cert-140126.pdf,Intersection,Demonstrated accident risk,https://www.vic.gov.au/find-road-safety-camera,-37.798697,144.88815,Barkly Street,14/01/2027,,,"Fixed road safety cameras may detect one or more of the following offences: speed, red light, unregistered vehicles. Please note: Due to required performance analysis and administrative checks, up to date camera test/compliance certificates may take up to 3 weeks to upload.",,commissioned,,"-37.798697,144.88815"
9,A16,Narre Warren,Princes Highway,"Princes Highway, at the intersection of Princes Highway and Webb Street, Narre Warren",3805,21/07/2026,21/07/2026,Fixed Camera,https://content.vic.gov.au/sites/default/files/2025-08/A16_Narre_Warren_Princes_Highway_Intersection_of_Princes_Highway_and_Webb_Street_camera_cert_210725.pdf,Intersection,Demonstrated accident risk,https://www.vic.gov.au/find-road-safety-camera,-38.0253996,145.3052978,Webb Street,21/07/2027,,,"Fixed road safety cameras may detect one or more of the following offences: speed, red light, unregistered vehicles. Please note: Due to required performance analysis and administrative checks, up to date camera test/compliance certificates may take up to 3 weeks to upload.",,commissioned,,"-38.0253996,145.3052978"
22,A45,Caulfield,Glen Eira Road,"Glen Eira Road, at the intersection of Glen Eira Road and Kooyong Road, Caulfield",3162,22/06/2026,22/06/2026,Fixed Camera,https://content.vic.gov.au/sites/default/files/2026-07/A45-caulfield-intersection-of-glen-eira-road-and-kooyong-road-camera-cert-220626.pdf,Intersection,Demonstrated accident risk,https://www.vic.gov.au/find-road-safety-camera,-37.8792258,145.016442,Kooyong Road,22/06/2027,,,"Fixed road safety cameras may detect one or more of the following offences: speed, red light, unregistered vehicles. Please note: Due to required performance analysis and administrative checks, up to date camera test/compliance certificates may take up to 3 weeks to upload.",,commissioned,,"-37.8792258,145.016442"
24,A46,Dandenong North,Gladstone Road,"Gladstone Road, at the intersection of Gladstone Road and Heatherton Road, Dandenong North",3175,9/07/2026,9/07/2026,Fixed Camera,https://content.vic.gov.au/sites/default/files/2026-07/A46-dandenong-north-intersection-of-gladstone-road-and-heatherton-road-camera-cert-090726.pdf,Intersection,Demonstrated accident risk,https://www.vic.gov.au/find-road-safety-camera,-37.9687606,145.2051334,Heatherton Road,9/07/2027,,,"Fixed road safety cameras may detect one or more of the following offences: speed, red light, unregistered vehicles. Please note: Due to required performance analysis and administrative checks, up to date camera test/compliance certificates may take up to 3 weeks to upload.",,commissioned,,"-37.9687606,145.2051334"
35,A75,Kew East,Burke Rd,"Burke Rd, at the intersection of Burke Rd and Old Burke Road, Kew East",3102,7/11/2025,7/11/2025,Fixed Camera,https://content.vic.gov.au/sites/default/files/2025-11/A75-kew-east-burke-road-intersection-of-burke-road-and-old-burke-road-camera-cert-071125.pdf,Intersection,Demonstrated accident risk,https://www.vic.gov.au/find-road-safety-camera,-37.787505,145.064898,Old Burke Road,7/11/2026,,,"Fixed road safety cameras may detect one or more of the following offences: speed, red light, unregistered vehicles. Please note: Due to required performance analysis and administrative checks, up to date camera test/compliance certificates may take up to 3 weeks to upload.",,commissioned,,"-37.787505,145.064898"
38,A83,Clayton,Centre Road,"Centre Road, at the intersection of Centre Road and Buckland Street, Clayton",3168,31/03/2026,31/03/2026,Fixed Camera,https://content.vic.gov.au/sites/default/files/2026-04/A83-clayton-intersection-of-centre-road-and-buckland-street-camera-cert-310326.pdf,Intersection,Demonstrated accident risk,https://www.vic.gov.au/find-road-safety-camera,-37.930096,145.131666,Buckland Street,31/03/2027,,,"Fixed road safety cameras may detect one or more of the following offences: speed, red light, unregistered vehicles. Please note: Due to required performance analysis and administrative checks, up to date camera test/compliance certificates may take up to 3 weeks to upload.",,commissioned,,"-37.930096,145.131666"
43,A91,Campbellfield,Sydney Road,"Sydney Road, at the intersection of Sydney Road and Barry Road, Campbellfield",3061,6/02/2025,6/02/2025,Fixed Camera,https://content.vic.gov.au/sites/default/files/2025-04/A91-campbellfield-sydney-road-intersection-of-sydney-road-and-barry-road-camera-cert-060225.pdf,Intersection,Demonstrated accident risk,https://www.vic.gov.au/find-road-safety-camera,-37.6670847,144.9551301,Barry Road,6/02/2026,,,"Fixed road safety cameras may detect one or more of the following offences: speed, red light, unregistered vehicles. Please note: Due to required performance analysis and administrative checks, up to date camera test/compliance certificates may take up to 3 weeks to upload.",,commissioned,,"-37.6670847,144.9551301"
48,B12,Bayswater North,Canterbury Road,"Canterbury Road, at the intersection of Canterbury Road and Bayswater Road, Bayswater North",3153,30/06/2026,30/06/2026,Fixed Camera,https://content.vic.gov.au/sites/default/files/2026-07/B12-bayswater-north-intersection-of-canterbury-road-and-bayswater-road-camera-cert-300626.pdf,Intersection,Demonstrated accident risk,https://www.vic.gov.au/find-road-safety-camera,-37.832238,145.269109,Bayswater Road,30/06/2027,,,"Fixed road safety cameras may detect one or more of the following offences: speed, red light, unregistered vehicles. Please note: Due to required performance analysis and administrative checks, up to date camera test/compliance certificates may take up to 3 weeks to upload.",,commissioned,,"-37.832238,145.269109"
63,C07,Dallas,Barry Road,"Barry Road, at the intersection of Barry Road and King Street, Dallas",3047,6/03/2026,6/03/2026,Fixed Camera,https://content.vic.gov.au/sites/default/files/2026-03/C07-dallas-intersection-of-barry-road-and-king-street-camera-cert-060326.pdf,Intersection,Demonstrated accident risk,https://www.vic.gov.au/find-road-safety-camera,-37.666035,144.942551,King Street,6/03/2027,,,"Fixed road safety cameras may detect one or more of the following offences: speed, red light, unregistered vehicles. Please note: Due to required performance analysis and administrative checks, up to date camera test/compliance certificates may take up to 3 weeks to upload.",,commissioned,,"-37.666035,144.942551"
99,D17,Hallam,Princes Highway,"Princes Highway, at the intersection of Princes Highway and Fitzgerald Road, Hallam",3803,30/04/2026,30/04/2026,Fixed Camera,https://content.vic.gov.au/sites/default/files/2026-07/D17-hallam-intersection-of-princes-hwy-and-fitzgerald-rd-camera-cert-300426.pdf,Intersection,Demonstrated accident risk,https://www.vic.gov.au/find-road-safety-camera,-38.008649,145.278456,Fitzgerald Road,30/04/2027,,,"Fixed road safety cameras may detect one or more of the following offences: speed, red light, unregistered vehicles. Please note: Due to required performance analysis and administrative checks, up to date camera test/compliance certificates may take up to 3 weeks to upload.",,commissioned,,"-38.008649,145.278456"
103,D21,Warrnambool,Raglan Parade,"Raglan Parade, at the intersection of Raglan Parade and Mahoneys Road, Warrnambool",3280,8/12/2025,8/12/2025,Fixed Camera,https://content.vic.gov.au/sites/default/files/2025-12/D21-intersection-of-raglan-pde-and-mahoneys-rd-warrnambool-camera-cert-081225.pdf,Intersection,Demonstrated accident risk,https://www.vic.gov.au/find-road-safety-camera,-38.384835,142.533138,Mahoneys Road,8/12/2026,,,"Fixed road safety cameras may detect one or more of the following offences: speed, red light, unregistered vehicles. Please note: Due to required performance analysis and administrative checks, up to date camera test/compliance certificates may take up to 3 weeks to upload.",,commissioned,,"-38.384835,142.533138"
107,D25,Vermont South,Burwood Highway,"Burwood Highway, at the intersection of Burwood Highway and Springvale Road, Vermont South",3133,19/01/2026,19/01/2026,Fixed Camera,https://content.vic.gov.au/sites/default/files/2026-02/D25-vermont-south-intersection-of-burwood-hwy-and-springvale-rd-camera-cert-190126.pdf,Intersection,Demonstrated accident risk,https://www.vic.gov.au/find-road-safety-camera,-37.855063,145.169547,Springvale Road,19/01/2027,,,"Fixed road safety cameras may detect one or more of the following offences: speed, red light, unregistered vehicles. Please note: Due to required performance analysis and administrative checks, up to date camera test/compliance certificates may take up to 3 weeks to upload.",,commissioned,,"-37.855063,145.169547"
118,D35,South Melbourne,City Road,"City Road, at the intersection of City Road and Montague Street, South Melbourne",3205,11/11/2025,11/11/2025,Fixed Camera,https://content.vic.gov.au/sites/default/files/2025-11/D35-south-melbourne-intersection-of-city-road-and-montague-street-camera-cert-111125.pdf,Intersection,Demonstrated accident risk,https://www.vic.gov.au/find-road-safety-camera,-37.832821,144.951864,Montague Street,11/11/2026,,,"Fixed road safety cameras may detect one or more of the following offences: speed, red light, unregistered vehicles. Please note: Due to required performance analysis and administrative checks, up to date camera test/compliance certificates may take up to 3 weeks to upload.",,commissioned,,"-37.832821,144.951864"
119,D36SE,Seaford,Frankston Freeway Off Ramp,"Frankston Freeway Off Ramp, at the intersection of Frankston Freeway Off Ramp and Dandenong-Frankston Road, Seaford",3198,13/04/2026,13/04/2026,Fixed Camera,https://content.vic.gov.au/sites/default/files/2026-09/D36SE-seaford-frankston-freeway-off-ramp-dandenong-frankston-rd-camera-cert-13042026.pdf,Intersection,Demonstrated accident risk,https://www.vic.gov.au/find-road-safety-camera,-38.128333,145.133952,Dandenong-Frankston Road,13/04/2027,,,"Fixed road safety cameras may detect one or more of the following offences: speed, red light, unregistered vehicles. Please note: Due to required performance analysis and administrative checks, up to date camera test/compliance certificates may take up to 3 weeks to upload.",,commissioned,,"-38.128333,145.133952"
121,D37,Carrum Downs,Hall Road,"Hall Road, at the intersection of Hall Road and Dandenong-Frankston Road, Carrum Downs",3201,16/06/2026,16/06/2026,Fixed Camera,https://content.vic.gov.au/sites/default/files/2026-06/D37-carrum-downs-intersection-of-hall-rd-and-dandenong-frankston-road-camera-cert-160626.pdf,Intersection,Demonstrated accident risk,https://www.vic.gov.au/find-road-safety-camera,-38.099595,145.172892,Dandenong-Frankston Road,16/06/2027,,,"Fixed road safety cameras may detect one or more of the following offences: speed, red light, unregistered vehicles. Please note: Due to required performance analysis and administrative checks, up to date camera test/compliance certificates may take up to 3 weeks to upload.",,commissioned,,"-38.099595,145.172892"
125,D41,Aspendale Gardens,Wells Road,"Wells Road, at the intersection of Wells Road and Palm Grove Boulevard, Aspendale Gardens",3195,5/09/2025,5/09/2025,Fixed Camera,https://content.vic.gov.au/sites/default/files/2024-10/D41_Aspendale-Gardens_intersection-of-wells-rd-and-palm-grove-blvd_180924.pdf,Intersection,Demonstrated accident risk,https://www.vic.gov.au/find-road-safety-camera,-38.019049,145.118471,Palm Grove Boulevard,5/09/2026,,,"Fixed road safety cameras may detect one or more of the following offences: speed, red light, unregistered vehicles. Please note: Due to required performance analysis and administrative checks, up to date camera test/compliance certificates may take up to 3 weeks to upload.",,commissioned,,"-38.019049,145.118471"
126,D42,Aspendale Gardens,Wells Road,"Wells Road, at the intersection of Wells Road and Nurten Parade, Aspendale Gardens",3195,4/08/2026,8/09/2025,Fixed Camera,https://content.vic.gov.au/sites/default/files/2026-09/D42-aspendale-gardens-wells-rd-intersection-wells-rd-and-nurten-parade-camera-cert-040826.pdf,Intersection,Demonstrated accident risk,https://www.vic.gov.au/find-road-safety-camera,-38.022193,145.124242,Nurten Parade,4/08/2027,,,"Fixed road safety cameras may detect one or more of the following offences: speed, red light, unregistered vehicles. Please note: Due to required performance analysis and administrative checks, up to date camera test/compliance certificates may take up to 3 weeks to upload.",,commissioned,,"-38.022193,145.124242"
128,D43S,Greensborough,Greensborough Highway,"Greensborough Highway, at the intersection of Greensborough Highway and Grimshaw Street, Greensborough",3088,13/11/2023,13/11/2023,Fixed Camera,https://content.vic.gov.au/sites/default/files/2023-11/D43S_Greensborough_intersection-greensborough-hwy-and-grimshaw-street_camera_cert_131123.pdf,Intersection,Demonstrated accident risk,https://www.vic.gov.au/find-road-safety-camera,-37.703029,145.089865,Grimshaw Street,13/11/2024,,,"Fixed road safety cameras may detect one or more of the following offences: speed, red light, unregistered vehicles. Please note: Due to required performance analysis and administrative checks, up to date camera test/compliance certificates may take up to 3 weeks to upload.",,commissioned,Decommissioned,"-37.703029,145.089865"
132,D46N,Ringwood,Maroondah Highway,"Maroondah Highway, at the intersection of Maroondah Highway and Ringwood Bypass, Ringwood",3134,21/04/2026,21/04/2026,Fixed Camera,https://content.vic.gov.au/sites/default/files/2026-05/D46N-ringwood-intersection-of-maroondah-hwy-and-ringwood-bypass-camera-cert-210426.pdf,Intersection,Demonstrated accident risk,https://www.vic.gov.au/find-road-safety-camera,-37.811212,145.237028,Ringwood Bypass,21/04/2027,,,"Fixed road safety cameras may detect one or more of the following offences: speed, red light, unregistered vehicles. Please note: Due to required performance analysis and administrative checks, up to date camera test/compliance certificates may take up to 3 weeks to upload.",,commissioned,Upcoming,"-37.811212,145.237028"
136,D48,Vermont,Canterbury Road,"Canterbury Road, at the intersection of Canterbury Road and Mitcham Road, Vermont",3133,15/01/2026,15/01/2026,Fixed Camera,https://content.vic.gov.au/sites/default/files/2026-01/D48-vermont-intersection-of-canterbury-rd-and-mitcham-rd-camera-cert-150126.pdf,Intersection,Demonstrated accident risk,https://www.vic.gov.au/find-road-safety-camera,-37.836017,145.195164,Mitcham Road,15/01/2027,,,"Fixed road safety cameras may detect one or more of the following offences: speed, red light, unregistered vehicles. Please note: Due to required performance analysis and administrative checks, up to date camera test/compliance certificates may take up to 3 weeks to upload.",,commissioned,,"-37.836017,145.195164"
142,D52,Wheelers Hill,Springvale Road,"Springvale Road, at the intersection of Springvale Road and Ferntree Gully Road, Wheelers Hill",3150,15/01/2026,15/01/2026,Fixed Camera,https://content.vic.gov.au/sites/default/files/2026-01/D52-wheelers-hill-springvale-road-and-ferntree-gully-road-camera-cert-150126.pdf,Intersection,Demonstrated accident risk,https://www.vic.gov.au/find-road-safety-camera,-37.90339868,145.1615197,Ferntree Gully Road,15/01/2027,,,"Fixed road safety cameras may detect one or more of the following offences: speed, red light, unregistered vehicles. Please note: Due to required performance analysis and administrative checks, up to date camera test/compliance certificates may take up to 3 weeks to upload.",,commissioned,,"-37.90339868,145.1615197"
145,D56S,Attwood,Mickleham Road,"Mickleham Road, at the intersection of Mickleham Road and Alanbrae Terrace, Attwood",3049,12/03/2026,12/03/2026,Fixed Camera,https://content.vic.gov.au/sites/default/files/2026-04/D56S-mickleham-road-intersection-of-mickleham-road-and-haddon-hall-drive-southbound-attwood-camera-cert-120326.pdf,Intersection,Demonstrated accident risk,https://www.vic.gov.au/find-road-safety-camera,-37.66976848,144.8855879,Alanbrae Terrace,12/03/2027,,,"Fixed road safety cameras may detect one or more of the following offences: speed, red light, unregistered vehicles. Please note: Due to required performance analysis and administrative checks, up to date camera test/compliance certificates may take up to 3 weeks to upload.",,commissioned,,"-37.66976848,144.8855879"
148,D60W,Avondale Heights,Canning Street,"Canning Street, at the intersection of Canning Street and Bellavista Drive, Avondale Heights",3034,21/10/2025,21/10/2025,Fixed Camera,https://content.vic.gov.au/sites/default/files/2025-11/D60W-avondale-heights-intersection-canning-street-and-bellavista-drive-camera-cert-211025.pdf,Intersection,Demonstrated accident risk,https://www.vic.gov.au/find-road-safety-camera,-37.76954082,144.8718651,Bellavista Drive,21/10/2026,,,"Fixed road safety cameras may detect one or more of the following offences: speed, red light, unregistered vehicles. Please note: Due to required performance analysis and administrative checks, up to date camera test/compliance certificates may take up to 3 weeks to upload.",,commissioned,,"-37.76954082,144.8718651"
154,D66,Eaglemont,Banksia Street,"Banksia Street, at the intersection of Banksia Street and Lower Heidelberg Road, Eaglemont",3084,17/03/2026,17/03/2026,Fixed Camera,https://content.vic.gov.au/sites/default/files/2026-04/D66-banksia-streets-intersection-of-banksia-street-and-lower-heidelberg-road-eaglemont-camera-cert-170326.pdf,Intersection,Demonstrated accident risk,https://www.vic.gov.au/find-road-safety-camera,-37.75979714,145.0691741,Lower Heidelberg Road,17/03/2027,,,"Fixed road safety cameras may detect one or more of the following offences: speed, red light, unregistered vehicles. Please note: Due to required performance analysis and administrative checks, up to date camera test/compliance certificates may take up to 3 weeks to upload.",,commissioned,,"-37.75979714,145.0691741"
155,D68,Thomastown,Edgards Road,"Edgards Road, at the intersection of Edgards Road and Main Street, Thomastown",3074,8/04/2026,8/04/2026,Fixed Camera,https://content.vic.gov.au/sites/default/files/2026-04/D68-thomastown-intersection-of-edgars-road-and-main-street-camera-cert-080426.pdf,Intersection,Demonstrated accident risk,https://www.vic.gov.au/find-road-safety-camera,-37.67882522,144.9992523,Main Street,8/04/2027,,,"Fixed road safety cameras may detect one or more of the following offences: speed, red light, unregistered vehicles. Please note: Due to required performance analysis and administrative checks, up to date camera test/compliance certificates may take up to 3 weeks to upload.",,commissioned,,"-37.67882522,144.9992523"
156,D70,Deer Park,Ballarat Road,"Ballarat Road, at the intersection of Ballarat Road and Station Road, Deer Park",3023,11/09/2025,11/09/2025,Fixed Camera,https://content.vic.gov.au/sites/default/files/2025-09/D70KM-Ballarat-Road-and-Station-Road-Deer-Park-camera-cert-110925.pdf,Intersection,Demonstrated accident risk,https://www.vic.gov.au/find-road-safety-camera,-37.77018017,144.7746839,Station Road,11/09/2026,,,"Fixed road safety cameras may detect one or more of the following offences: speed, red light, unregistered vehicles. Please note: Due to required performance analysis and administrative checks, up to date camera test/compliance certificates may take up to 3 weeks to upload.",,commissioned,,"-37.77018017,144.7746839"
161,D75,Bundoora,Plenty Road,"Plenty Road, at the intersection of Plenty Road and Metropolitan Ring Road On-Ramp, Bundoora",3083,9/06/2026,9/06/2026,Fixed Camera,https://content.vic.gov.au/sites/default/files/2026-06/D75-bundoora-plenty-road-and-metropolitan-ring-road-on-ramp-camera-cert-090626.pdf,Intersection,Demonstrated accident risk,https://www.vic.gov.au/find-road-safety-camera,-37.687106,145.066945,Metropolitan Ring Road On-Ramp,9/06/2027,,,"Fixed road safety cameras may detect one or more of the following offences: speed, red light, unregistered vehicles. Please note: Due to required performance analysis and administrative checks, up to date camera test/compliance certificates may take up to 3 weeks to upload.",,commissioned,,"-37.687106,145.066945"
166,D81N,Coolaroo,Pascoe Vale Road,"Pascoe Vale Road, at the intersection of Pascoe Vale Road and Barry Road, Coolaroo",3048,9/12/2024,9/12/2024,Fixed Camera,https://content.vic.gov.au/sites/default/files/2024-12/D81N_Coolaroo_Pascoe_Vale_Road_Intersection_of_Pascoe_Vale_Road_and_Barry_Road_camera_cert_09122024.pdf,Intersection,Demonstrated accident risk,https://www.vic.gov.au/find-road-safety-camera,-37.663806,144.922028,Barry Road,9/12/2025,,,"Fixed road safety cameras may detect one or more of the following offences: speed, red light, unregistered vehicles. Please note: Due to required performance analysis and administrative checks, up to date camera test/compliance certificates may take up to 3 weeks to upload.",,commissioned,,"-37.663806,144.922028"
167,D81S,Coolaroo,Pascoe Vale Road,"Pascoe Vale Road, at the intersection of Pascoe Vale Road and Barry Road, Coolaroo",3048,9/12/2025,9/12/2025,Fixed Camera,https://content.vic.gov.au/sites/default/files/2025-12/D81S-Pascoe-Vale-Road-Intersection-at-Pascoe-Vale-Road-and-Barry-Road-Coolaroo-camera-cert-091225.pdf,Intersection,Demonstrated accident risk,https://www.vic.gov.au/find-road-safety-camera,-37.663804,144.922015,Barry Road,9/12/2026,,,"Fixed road safety cameras may detect one or more of the following offences: speed, red light, unregistered vehicles. Please note: Due to required performance analysis and administrative checks, up to date camera test/compliance certificates may take up to 3 weeks to upload.",,commissioned,,"-37.663804,144.922015"
176,EB,Rowville,"EastLink, Southbound","EastLink, Southbound, Rowville, Wellington Road Bridge",3178,12/02/2026,12/02/2026,Fixed Camera,https://content.vic.gov.au/sites/default/files/2026-03/EB-eastlink-rowville-sb-wellingtonroadbridge-camera-cert-120226.pdf,Highway,Demonstrated accident risk,https://www.vic.gov.au/find-road-safety-camera,-37.925395,145.2133048,Wellington Road Bridge,12/02/2027,,,"Fixed road safety cameras may detect one or more of the following offences: speed, red light, unregistered vehicles. Please note: Due to required performance analysis and administrative checks, up to date camera test/compliance certificates may take up to 3 weeks to upload.",,commissioned,,"-37.925395,145.2133048"
182,F02,Nunawading,Maroondah Highway,"Maroondah Highway, at the intersection of Maroondah Highway and Springvale Road, Nunawading",3131,2/09/2025,2/09/2025,Fixed Camera,https://content.vic.gov.au/sites/default/files/2025-09/F02KM-intersection-of-maroondash-hwy-and-springvale-rd-nunawading-camera-cert-020925.pdf,Intersection,Demonstrated accident risk,https://www.vic.gov.au/find-road-safety-camera,-37.818562,145.176258,Springvale Road,2/09/2026,,,"Fixed road safety cameras may detect one or more of the following offences: speed, red light, unregistered vehicles. Please note: Due to required performance analysis and administrative checks, up to date camera test/compliance certificates may take up to 3 weeks to upload.",,commissioned,,"-37.818562,145.176258"
183,F03,Parkville,Cemetery Road West,"Cemetery Road West, at the intersection of Cemetery Road West and Royal Parade, Parkville",3052,4/09/2025,4/09/2025,Fixed Camera,https://content.vic.gov.au/sites/default/files/2025-09/F03KM-intersection-of-cemetery-rd-west-and-royal-pde-parkville-camera-cert-040925.pdf,Intersection,Demonstrated accident risk,https://www.vic.gov.au/find-road-safety-camera,-37.790013,144.959022,Royal Parade,4/09/2026,,,"Fixed road safety cameras may detect one or more of the following offences: speed, red light, unregistered vehicles. Please note: Due to required performance analysis and administrative checks, up to date camera test/compliance certificates may take up to 3 weeks to upload.",,commissioned,,"-37.790013,144.959022"
188,F07,Preston,Albert Street,"Albert Street, at the intersection of Albert Street and Gower Street, Preston",3072,25/11/2025,25/11/2025,Fixed Camera,https://content.vic.gov.au/sites/default/files/2026-05/F07-preston-intersection-of-albert-st-and-gower-st-camera-cert-251125.pdf,Intersection,Demonstrated accident risk,https://www.vic.gov.au/find-road-safety-camera,-37.742681,145.022543,Gower Street,25/11/2026,,,"Fixed road safety cameras may detect one or more of the following offences: speed, red light, unregistered vehicles. Please note: Due to required performance analysis and administrative checks, up to date camera test/compliance certificates may take up to 3 weeks to upload.",,commissioned,,"-37.742681,145.022543"
190,F09,Bentleigh East,Centre Road,"Centre Road, at the intersection of Centre Road and Warrigal Road, Bentleigh East",3165,27/04/2026,27/04/2026,Fixed Camera,https://content.vic.gov.au/sites/default/files/2026-05/F09-bentleigh-intersection-of-centre-rd-and-warrigal-rd-camera-cert-270426.pdf,Intersection,Demonstrated accident risk,https://www.vic.gov.au/find-road-safety-camera,-37.923955,145.082307,Warrigal Road,27/04/2027,,,"Fixed road safety cameras may detect one or more of the following offences: speed, red light, unregistered vehicles. Please note: Due to required performance analysis and administrative checks, up to date camera test/compliance certificates may take up to 3 weeks to upload.",,commissioned,Upcoming,"-37.923955,145.082307"
192,F11,West Melbourne,Spencer Street,"Spencer Street, at the intersection of Spencer Street and Dudley Street, West Melbourne",3003,5/02/2026,5/02/2026,Fixed Camera,https://content.vic.gov.au/sites/default/files/2026-02/F11-west-melbourne-intersection-of-spencer-st-and-dudley-st-west-melbourne-camera-cert-050226.pdf,Intersection,Demonstrated accident risk,https://www.vic.gov.au/find-road-safety-camera,-37.810299,144.950006,Dudley Street,5/02/2027,,,"Fixed road safety cameras may detect one or more of the following offences: speed, red light, unregistered vehicles. Please note: Due to required performance analysis and administrative checks, up to date camera test/compliance certificates may take up to 3 weeks to upload.",,commissioned,,"-37.810299,144.950006"
196,F14,Oakleigh East,Dandenong Road,"Dandenong Road, at the intersection of Dandenong Road and Clayton Road, Oakleigh East",3166,21/11/2025,21/11/2025,Fixed Camera,https://content.vic.gov.au/sites/default/files/2025-12/F14-oakleigh-east-intersection-of-dandenong-road-and-clayton-road-camera-cert-211125.pdf,Intersection,Demonstrated accident risk,https://www.vic.gov.au/find-road-safety-camera,-37.911154,145.122145,Clayton Road,21/11/2026,,,"Fixed road safety cameras may detect one or more of the following offences: speed, red light, unregistered vehicles. Please note: Due to required performance analysis and administrative checks, up to date camera test/compliance certificates may take up to 3 weeks to upload.",,commissioned,,"-37.911154,145.122145"
197,F15,Braeside,Springvale Road,"Springvale Road, at the intersection of Springvale Road and Lower Dandenong Road, Braeside",3195,24/08/2026,24/08/2026,Fixed Camera,https://content.vic.gov.au/sites/default/files/2026-09/F15KM-braeside-springvale-road-lower-dandenong-road-camera-cert-24082026.pdf,Intersection,Demonstrated accident risk,https://www.vic.gov.au/find-road-safety-camera,-37.991063,145.144509,Lower Dandenong Road,24/08/2027,,,"Fixed road safety cameras may detect one or more of the following offences: speed, red light, unregistered vehicles. Please note: Due to required performance analysis and administrative checks, up to date camera test/compliance certificates may take up to 3 weeks to upload.",,commissioned,,"-37.991063,145.144509"
198,F16,Moonee Ponds,Maribyrnong Road,"Maribyrnong Road, at the intersection of Maribyrnong Road and Mt Alexander Road, Moonee Ponds",3039,28/01/2026,28/01/2026,Fixed Camera,https://content.vic.gov.au/sites/default/files/2026-02/F16-moonee-ponds-intersection-of-maribyrnong-rd-and-mt-alexander-rd-camera-cert-280126.pdf,Intersection,Demonstrated accident risk,https://www.vic.gov.au/find-road-safety-camera,-37.772752,144.926751,Mt Alexander Road,28/01/2027,,,"Fixed road safety cameras may detect one or more of the following offences: speed, red light, unregistered vehicles. Please note: Due to required performance analysis and administrative checks, up to date camera test/compliance certificates may take up to 3 weeks to upload.",,commissioned,,"-37.772752,144.926751"
200,F18,Dandenong,Foster Street,"Foster Street, at the intersection of Foster Street and McCrae Street, Dandenong",3175,17/07/2026,17/07/2026,Fixed Camera,https://content.vic.gov.au/sites/default/files/2026-06/F18-dandenong-intersection-of-foster-st-and-mccrae-st-camera-cert-170925.pdf,Intersection,Demonstrated accident risk,https://www.vic.gov.au/find-road-safety-camera,-37.98856,145.218202,McCrae Street,17/07/2027,,,"Fixed road safety cameras may detect one or more of the following offences: speed, red light, unregistered vehicles. Please note: Due to required performance analysis and administrative checks, up to date camera test/compliance certificates may take up to 3 weeks to upload.",,commissioned,,"-37.98856,145.218202"
203,F20W,Coburg,Harding Street,"Harding Street, at the intersection of Harding Street and Sydney Road, Coburg",3058,27/08/2025,27/08/2025,Fixed Camera,https://content.vic.gov.au/sites/default/files/2025-09/F20W-harding-street-and-sydney-road-coburg-westbound-camera-cert-270825.pdf,Intersection,Demonstrated accident risk,https://www.vic.gov.au/find-road-safety-camera,-37.745019,144.96609,Sydney Road,27/08/2026,,,"Fixed road safety cameras may detect one or more of the following offences: speed, red light, unregistered vehicles. Please note: Due to required performance analysis and administrative checks, up to date camera test/compliance certificates may take up to 3 weeks to upload.",,commissioned,,"-37.745019,144.96609"
207,F23,St Kilda,Fitzroy Street,"Fitzroy Street, at the intersection of Fitzroy Street and Lakeside Drive, St Kilda",3182,10/07/2026,10/07/2026,Fixed Camera,https://content.vic.gov.au/sites/default/files/2026-07/F23-st-kilda-intersection-of-fitzroy-st-and-lakeside-drive-camera-cert-100726.pdf,Intersection,Demonstrated accident risk,https://www.vic.gov.au/find-road-safety-camera,-37.857996,144.980191,Lakeside Drive,10/07/2027,,,"Fixed road safety cameras may detect one or more of the following offences: speed, red light, unregistered vehicles. Please note: Due to required performance analysis and administrative checks, up to date camera test/compliance certificates may take up to 3 weeks to upload.",,commissioned,,"-37.857996,144.980191"
208,F23S,St Kilda,Fitzroy Street,"Fitzroy Street, at the intersection of Fitzroy Street and Princes Street, St Kilda",3182,29/10/2025,29/10/2025,Fixed Camera,https://content.vic.gov.au/sites/default/files/2025-11/F23S-st-kilda-southbound-fitzroy-street-and-princess-street-camera-cert-291025.pdf,Intersection,Demonstrated accident risk,https://www.vic.gov.au/find-road-safety-camera,-37.857951,144.980599,Princes Street,29/10/2026,,,"Fixed road safety cameras may detect one or more of the following offences: speed, red light, unregistered vehicles. Please note: Due to required performance analysis and administrative checks, up to date camera test/compliance certificates may take up to 3 weeks to upload.",,commissioned,,"-37.857951,144.980599"
210,F25,St Kilda,Barkly Street,"Barkly Street, at the intersection of Barkly Street and Carlisle Street, St Kilda",3182,28/01/2026,28/01/2026,Fixed Camera,https://content.vic.gov.au/sites/default/files/2026-06/F25-st-kilda-intersection-of-barkly-st-and-carlisle-st-camera-cert-280126.pdf,Intersection,Demonstrated accident risk,https://www.vic.gov.au/find-road-safety-camera,-37.867066,144.981264,Carlisle Street,28/01/2027,,,"Fixed road safety cameras may detect one or more of the following offences: speed, red light, unregistered vehicles. Please note: Due to required performance analysis and administrative checks, up to date camera test/compliance certificates may take up to 3 weeks to upload.",,commissioned,Upcoming,"-37.867066,144.981264"
217,F31,Grovedale,Princes Highway,"Princes Highway, at the intersection of Princes Highway and Pioneer Road, Grovedale",3216,9/04/2026,9/04/2026,Fixed Camera,https://content.vic.gov.au/sites/default/files/2026-04/F31-grovedale-intersection-of-princes-highway-and-pioneer-road-camera-cert-090426.pdf,Intersection,Demonstrated accident risk,https://www.vic.gov.au/find-road-safety-camera,-38.196773,144.318855,Pioneer Road,9/04/2027,,,"Fixed road safety cameras may detect one or more of the following offences: speed, red light, unregistered vehicles. Please note: Due to required performance analysis and administrative checks, up to date camera test/compliance certificates may take up to 3 weeks to upload.",,commissioned,Upcoming,"-38.196773,144.318855"
224,F37,Dandenong,Princes Highway,"Princes Highway, at the intersection of Princes Highway and Gladstone Road, Dandenong",3175,14/04/2026,14/04/2026,Fixed Camera,https://content.vic.gov.au/sites/default/files/2026-04/F37-dandenong-princes-hwy-and-gladstone-rd-camera-cert-140426.pdf,Intersection,Demonstrated accident risk,https://www.vic.gov.au/find-road-safety-camera,-37.975064,145.203568,Gladstone Road,14/04/2027,,,"Fixed road safety cameras may detect one or more of the following offences: speed, red light, unregistered vehicles. Please note: Due to required performance analysis and administrative checks, up to date camera test/compliance certificates may take up to 3 weeks to upload.",,commissioned,Upcoming,"-37.975064,145.203568"
225,F38,Mount Waverley,Highbury Road,"Highbury Road, at the intersection of Highbury Road and Huntingdale Road, Mount Waverley",3149,12/06/2026,12/06/2026,Fixed Camera,https://content.vic.gov.au/sites/default/files/2026-06/F38-mount-waverley-intersection-of-highbury-road-and-huntingdale-road-camera-cert-120626.pdf,Intersection,Demonstrated accident risk,https://www.vic.gov.au/find-road-safety-camera,-37.855567,145.114135,Huntingdale Road,12/06/2027,,,"Fixed road safety cameras may detect one or more of the following offences: speed, red light, unregistered vehicles. Please note: Due to required performance analysis and administrative checks, up to date camera test/compliance certificates may take up to 3 weeks to upload.",,commissioned,,"-37.855567,145.114135"
235,F45W,Glen Waverley,Waverley Road,"Waverley Road, at the intersection of Waverley Road and Blackburn Road, Glen Waverley",3150,10/09/2025,10/09/2025,Fixed Camera,https://content.vic.gov.au/sites/default/files/2025-09/F45W-intersection-waverley-road-and-blackburn-road-glen-waverley-camera-cert-100925.pdf,Intersection,Demonstrated accident risk,https://www.vic.gov.au/find-road-safety-camera,-37.886768,145.145878,Blackburn Road,10/09/2026,,,"Fixed road safety cameras may detect one or more of the following offences: speed, red light, unregistered vehicles. Please note: Due to required performance analysis and administrative checks, up to date camera test/compliance certificates may take up to 3 weeks to upload.",,commissioned,,"-37.886768,145.145878"
238,F48,Norlane,Princes Highway,"Princes Highway, at the intersection of Princes Highway and Sparks Road, Norlane",3214,18/09/2025,18/09/2025,Fixed Camera,https://content.vic.gov.au/sites/default/files/2025-10/F48-norlane-princes-highway-intersection-of-princes-highway-and-sparks-road-camera-cert-180925.pdf,Intersection,Demonstrated accident risk,https://www.vic.gov.au/find-road-safety-camera,-38.091625,144.356356,Sparks Road,18/09/2026,,,"Fixed road safety cameras may detect one or more of the following offences: speed, red light, unregistered vehicles. Please note: Due to required performance analysis and administrative checks, up to date camera test/compliance certificates may take up to 3 weeks to upload.",,commissioned,,"-38.091625,144.356356"
239,F49,Eumemmerring,Princes Highway,"Princes Highway, at the intersection of Princes Highway and South Gippsland Freeway, Eumemmerring",3177,24/07/2025,24/07/2025,Fixed Camera,https://content.vic.gov.au/sites/default/files/2025-08/F49_Eumemmerring_Intersection_of_Princes-Hwy_and_South_Gippsland_Fwy_camera_cert_240725.pdf,Intersection,Demonstrated accident risk,https://www.vic.gov.au/find-road-safety-camera,-38.003488,145.25139,South Gippsland Freeway,24/07/2026,,,"Fixed road safety cameras may detect one or more of the following offences: speed, red light, unregistered vehicles. Please note: Due to required performance analysis and administrative checks, up to date camera test/compliance certificates may take up to 3 weeks to upload.",,commissioned,,"-38.003488,145.25139"
241,F51S,Bayswater,Bayswater Road,"Bayswater Road, at the intersection of Bayswater Road and Mountain Highway, Bayswater",3153,14/08/2026,14/08/2025,Fixed Camera,https://content.vic.gov.au/sites/default/files/2026-09/F51S-bayswater-ntersection-bayswater-rd-and-mt-hwy-camera-cert-140826.pdf,Intersection,Demonstrated accident risk,https://www.vic.gov.au/find-road-safety-camera,-37.838424,145.271242,Mountain Highway,14/08/2027,,,"Fixed road safety cameras may detect one or more of the following offences: speed, red light, unregistered vehicles. Please note: Due to required performance analysis and administrative checks, up to date camera test/compliance certificates may take up to 3 weeks to upload.",,commissioned,,"-37.838424,145.271242"
246,F56,Brighton East,Nepean Highway,"Nepean Highway, at the intersection of Nepean Highway and Centre Road, Brighton East",3187,20/01/2026,20/01/2026,Fixed Camera,https://content.vic.gov.au/sites/default/files/2026-02/F56-brighton-east-intersection-of-nepean-highway-and-centre-road-camera-cert-200126.pdf,Intersection,Demonstrated accident risk,https://www.vic.gov.au/find-road-safety-camera,-37.916077,145.017914,Centre Road,20/01/2027,,,"Fixed road safety cameras may detect one or more of the following offences: speed, red light, unregistered vehicles. Please note: Due to required performance analysis and administrative checks, up to date camera test/compliance certificates may take up to 3 weeks to upload.",,commissioned,T-Series Upgrades,"-37.916077,145.017914"
255,F64W,Yarraville,Francis Street,"Francis Street, at the intersection of Francis Street and Wembley Avenue, Yarraville",3013,5/03/2026,5/03/2026,Fixed Camera,https://content.vic.gov.au/sites/default/files/2026-03/F64W-francis-street-and-wembley-avenue-yarraville-westbound-camera-cert-050326.pdf,Intersection,Demonstrated accident risk,https://www.vic.gov.au/find-road-safety-camera,-37.819404,144.87424,Wembley Avenue,5/03/2027,,,"Fixed road safety cameras may detect one or more of the following offences: speed, red light, unregistered vehicles. Please note: Due to required performance analysis and administrative checks, up to date camera test/compliance certificates may take up to 3 weeks to upload.",,commissioned,,"-37.819404,144.87424"
263,F71,Caufield North,Balaclava Road,"Balaclava Road, at the intersection of Balaclava Road and Kooyong Road, Caufield North",3162,22/10/2025,22/10/2025,Fixed Camera,https://content.vic.gov.au/sites/default/files/2025-11/F71-caulfield-north-intersection-balaclava-road-and-kooyong-road-camera-cert-221025.pdf,Intersection,Demonstrated accident risk,https://www.vic.gov.au/find-road-safety-camera,-37.871833,145.017909,Kooyong Road,22/10/2026,,,"Fixed road safety cameras may detect one or more of the following offences: speed, red light, unregistered vehicles. Please note: Due to required performance analysis and administrative checks, up to date camera test/compliance certificates may take up to 3 weeks to upload.",,commissioned,,"-37.871833,145.017909"
268,F76,Surrey Hills,Canterbury Road,"Canterbury Road, at the intersection of Canterbury Road and Warrigal Road, Surrey Hills",3127,31/03/2026,31/03/2026,Fixed Camera,https://content.vic.gov.au/sites/default/files/2026-04/F76-surrey-hills-intersection-canterbury-rd-and-warrigal-rd-camera-cert-310326.pdf,Intersection,Demonstrated accident risk,https://www.vic.gov.au/find-road-safety-camera,-37.826195,145.099765,Warrigal Road,31/03/2027,,,"Fixed road safety cameras may detect one or more of the following offences: speed, red light, unregistered vehicles. Please note: Due to required performance analysis and administrative checks, up to date camera test/compliance certificates may take up to 3 weeks to upload.",,commissioned,,"-37.826195,145.099765"
274,F82,Fairfield,Heidelberg Road,"Heidelberg Road, at the intersection of Heidelberg Road and Station Street, Fairfield",3078,28/08/2025,28/08/2025,Fixed Camera,https://content.vic.gov.au/sites/default/files/2025-09/F82-intersection-heidelberg-road-and-station-street-fairfield-camera-cert-280825.pdf,Intersection,Demonstrated accident risk,https://www.vic.gov.au/find-road-safety-camera,-37.783416,145.017549,Station Street,28/08/2026,,,"Fixed road safety cameras may detect one or more of the following offences: speed, red light, unregistered vehicles. Please note: Due to required performance analysis and administrative checks, up to date camera test/compliance certificates may take up to 3 weeks to upload.",,commissioned,,"-37.783416,145.017549"
279,F87,Footscray,Geelong Road,"Geelong Road, at the intersection of Geelong Road and Barkly Street, Footscray",3011,6/10/2025,6/10/2025,Fixed Camera,https://content.vic.gov.au/sites/default/files/2025-10/F87-footscray-geelong-road-at-the-intersection-of-geelong-road-and-barkly-street-camera-cert-061025.pdf,Intersection,Demonstrated accident risk,https://www.vic.gov.au/find-road-safety-camera,-37.798885,144.892241,Barkly Street,6/10/2026,,,"Fixed road safety cameras may detect one or more of the following offences: speed, red light, unregistered vehicles. Please note: Due to required performance analysis and administrative checks, up to date camera test/compliance certificates may take up to 3 weeks to upload.",,commissioned,,"-37.798885,144.892241"
284,GF,Lara,"Princes Freeway, Melbourne Bound","Princes Freeway, Melbourne Bound, Lara, Avalon Road Bridge",3212,1/06/2026,1/06/2026,Fixed Camera,https://content.vic.gov.au/sites/default/files/2026-06/GF-GLR-avalon-road-bridge-NB-camera-cert-010626.pdf,Freeway,Demonstrated accident risk,https://www.vic.gov.au/find-road-safety-camera,-38.0303843,144.4304484,Avalon Road Bridge,1/06/2027,,,"Point-to-point safety cameras consist of a network of two or more cameras that work together as a system. They are placed at individual points along a stretch of road and can calculate whether a vehicle is speeding between the camera locations. Please note: Due to required performance analysis and administrative checks, up to date camera test/compliance certificates may take up to 3 weeks to upload.",,commissioned,,"-38.0303843,144.4304484"
287,H18S,Epping,"Hume Freeway, Southbound","Hume Freeway, Southbound, Epping, 44 Metres South of Oherns Road",3076,27/11/2025,27/11/2025,Fixed Camera,https://content.vic.gov.au/sites/default/files/2025-12/H18S-hume-freeway-epping-southbound-camera-cert-271125.pdf,Point-to-point,Demonstrated accident risk,https://www.vic.gov.au/find-road-safety-camera,-37.6347227,144.9934414,44 Metres South of Oherns Road,27/11/2026,,,"Point-to-point safety cameras consist of a network of two or more cameras that work together as a system. They are placed at individual points along a stretch of road and can calculate whether a vehicle is speeding between the camera locations. Please note: Due to required performance analysis and administrative checks, up to date camera test/compliance certificates may take up to 3 weeks to upload.",,commissioned,,"-37.6347227,144.9934414"
295,H72S,Broadford,"Hume Freeway, Southbound","Hume Freeway, Southbound, Broadford, 109 Metres south of Broadford-Flowerdale Road",3658,31/03/2026,31/03/2026,Fixed Camera,https://content.vic.gov.au/sites/default/files/2026-04/H72S-hume-freeway-broadford-southbound-camera-cert-310326.pdf,Point-to-point,Demonstrated accident risk,https://www.vic.gov.au/find-road-safety-camera,-37.2075445,145.0689134,109 Metres south of Broadford-Flowerdale Road,31/03/2027,,,"Point-to-point safety cameras consist of a network of two or more cameras that work together as a system. They are placed at individual points along a stretch of road and can calculate whether a vehicle is speeding between the camera locations. Please note: Due to required performance analysis and administrative checks, up to date camera test/compliance certificates may take up to 3 weeks to upload.",,commissioned,,"-37.2075445,145.0689134"
301,PL14S,Carrum Downs,"Peninsula Link Freeway, Southbound","Peninsula Link Freeway, Southbound, Carrum Downs, Ballarto Road Bridge",3201,6/05/2026,6/05/2026,Fixed Camera,https://content.vic.gov.au/sites/default/files/2026-05/PL14S-peninsula-link-ballarto-rd-bridge-carrum-downs-southbound-camera-cert-060526.pdf,Point-to-point,Demonstrated accident risk,https://www.vic.gov.au/find-road-safety-camera,-38.113378,145.164628,Ballarto Road Bridge,6/05/2027,,,"Point-to-point safety cameras consist of a network of two or more cameras that work together as a system. They are placed at individual points along a stretch of road and can calculate whether a vehicle is speeding between the camera locations. Please note: Due to required performance analysis and administrative checks, up to date camera test/compliance certificates may take up to 3 weeks to upload.",,commissioned,Coming up,"-38.113378,145.164628"
307,PL33N,Moorooduc,"Peninsula Link Freeway, Northbound","Peninsula Link Freeway, Northbound, Moorooduc, Loders Road Bridge",3933,5/02/2026,5/02/2026,Fixed Camera,https://content.vic.gov.au/sites/default/files/2026-02/PL33N-peninsula-link-loders-rd-bridge-northbound-camera-cert-050226.pdf,Point-to-point,Demonstrated accident risk,https://www.vic.gov.au/find-road-safety-camera,-38.263141,145.106524,Loders Road Bridge,5/02/2027,,,"Fixed road safety cameras may detect one or more of the following offences: speed, red light, unregistered vehicles. Please note: Due to required performance analysis and administrative checks, up to date camera test/compliance certificates may take up to 3 weeks to upload.",,commissioned,,"-38.263141,145.106524"
312,WE,Broadmeadows,"Western Ring Road, Eastbound","Western Ring Road, Eastbound, Broadmeadows, approximately 1600 metres West of Sydney Road ",3047,22/12/2025,22/12/2025,Fixed Camera,https://content.vic.gov.au/sites/default/files/2026-01/WE-WRR-broadmeadows-west-of-sydney-rd-camera-cert-221025.pdf,Freeway,Demonstrated accident risk,https://www.vic.gov.au/find-road-safety-camera,-37.692822,144.940392,approximately 1600 metres West of Sydney Road ,22/12/2026,,,"Fixed road safety cameras may detect one or more of the following offences: speed, red light, unregistered vehicles. Please note: Due to required performance analysis and administrative checks, up to date camera test/compliance certificates may take up to 3 weeks to upload.",,commissioned,,"-37.692822,144.940392"
317,X01W,Bagshot,Midland Highway,"Midland Highway, at the intersection of Midland Highway and Bagshot level crossing 40 metres West of Peatlings Road, Bagshot",3551,8/10/2025,8/10/2025,Fixed Camera,https://content.vic.gov.au/sites/default/files/2025-11/X01W-bagshot-midland-highway-westbound-at-bagshot-level-crossing-40m-west-of-peatings-road-bagshot-camera-cert-081025.pdf,Intersection,Demonstrated accident risk,https://www.vic.gov.au/find-road-safety-camera,-36.6539558,144.4043183,Bagshot level crossing 40 metres West of Peatlings Road,8/10/2026,,,"Fixed road safety cameras may detect one or more of the following offences: speed, red light, unregistered vehicles. Please note: Due to required performance analysis and administrative checks, up to date camera test/compliance certificates may take up to 3 weeks to upload.",,commissioned,,"-36.6539558,144.4043183"
319,D87,Melbourne,Kings Way,"Kings Way, at the intersection of Kings Way and Albert Road, Melbourne",3205,27/07/2026,27/07/2026,Fixed Camera,https://content.vic.gov.au/sites/default/files/2025-08/D87_Melbourne_Kings_Way_and_Albert_Road_camera_cert_250725.pdf,Intersection,Demonstrated accident risk,https://www.vic.gov.au/find-road-safety-camera,-37.835282,144.97121,Albert Road,27/07/2027,,,"Fixed road safety cameras may detect one or more of the following offences: speed, red light, unregistered vehicles. Please note: Due to required performance analysis and administrative checks, up to date camera test/compliance certificates may take up to 3 weeks to upload.",,commissioned,,"-37.835282,144.97121"
322,P02E,Deer Park,Ballarat Road,"Ballarat Road, at the intersection of Ballarat Road and approximately 40m Southeast of Marcellin Court, Deer Park",3023,5/05/2026,5/05/2026,Fixed Camera,https://content.vic.gov.au/sites/default/files/2026-05/P02E-deerpark-ballarat-rd-approx-40m-southeast-of-marcellin-crt-camera-cert-050526.pdf,Intersection,Demonstrated accident risk,https://www.vic.gov.au/find-road-safety-camera,-37.768407,144.768236,approximately 40m Southeast of Marcellin Court,5/05/2027,,,"Fixed road safety cameras may detect one or more of the following offences: speed, red light, unregistered vehicles. Please note: Due to required performance analysis and administrative checks, up to date camera test/compliance certificates may take up to 3 weeks to upload.",,commissioned,Coming up,"-37.768407,144.768236"
328,GV04N,Mangalore,Goulburn Valley Freeway,"Goulburn Valley Freeway, Mangalore, approximately 1780 metres South of Selectors Rd/Gerrards Rd, Mangalore",3663,20/05/2026,20/05/2026,Fixed Camera,https://content.vic.gov.au/sites/default/files/2026-06/GV04N-goulburn-valley-fwy-and-1780-metres-south-of-selectors-rd-gerrards-rd-mangalore-camera-cert-202526.pdf ,Freeway,Demonstrated accident risk,https://www.vic.gov.au/find-road-safety-camera,-36.94261,145.14344,"approximately 1780 metres South of Selectors Rd/Gerrards Rd, Mangalore",20/05/2027,,,,,,,"-36.94261,145.14344"
331,GV33S,Wahring,Goulburn Valley Freeway,"Goulburn Valley Freeway, Wahring, approimately  650 Metres North of Wahring-Euroa Road, Wahring",3608,19/05/2026,19/05/2026,Fixed Camera,https://content.vic.gov.au/sites/default/files/2026-05/GV33S-goulburn-valley-freeway-and-650-metres-north-of-wahring-euroa-road-wahring-camera-cert-190526.pdf,Freeway,Demonstrated accident risk,https://www.vic.gov.au/find-road-safety-camera,-36.702348,145.203984,"approimately  650 Metres North of Wahring-Euroa Road, Wahring",19/05/2027,,,,,,,"-36.702348,145.203984"
332,M114EW,Yarragon,Princes Freeway,"Princes Freeway, Yarragon, Princes Freeway East & 500 Metres West of Gordon Road, YARRAGON",3823,11/03/2026,11/03/2026,Fixed Camera,https://content.vic.gov.au/sites/default/files/2026-07/M114EW-princes-freeway-east-gordon-rd-yarragon-camera-cert-110326.pdf,Freeway,Demonstrated accident risk,https://www.vic.gov.au/find-road-safety-camera,-38.197933,146.038881,"Princes Freeway East & 500 Metres West of Gordon Road, YARRAGON",11/03/2027,,,,,,,"-38.197933,146.038881"
334,M126W,Trafalgar,Princes Freeway,"Princes Freeway, Trafalgar, Princes Freeway East & 70 Metres West of Kennys Road",3824,23/03/2026,23/03/2026,Fixed Camera,https://content.vic.gov.au/sites/default/files/2026-09/M126W-trafalgar-princes-freeway-east-and-70-metres-west-of-kennys-road-camera-cert-23032026.pdf,Freeway,Demonstrated accident risk,https://www.vic.gov.au/find-road-safety-camera,-38.203833,146.18145,"Princes Freeway East & 70 Metres West of Kennys Road, TRAFALGAR",23/03/2027,,,,,,,"-38.203833,146.18145"
6,A11,Melbourne,St Kilda Road,"St Kilda Road, at the intersection of St Kilda Road and Union Street, Melbourne",3000,3/03/2026,3/03/2026,Fixed Camera,https://content.vic.gov.au/sites/default/files/2026-03/A11-melbourne-intersection-of-stkilda-road-and-union-street-camera-cert-030326.pdf,Intersection,Demonstrated accident risk,https://www.vic.gov.au/find-road-safety-camera,-37.8531504,144.9818999,Union Street,3/03/2027,,,"Fixed road safety cameras may detect one or more of the following offences: speed, red light, unregistered vehicles. Please note: Due to required performance analysis and administrative checks, up to date camera test/compliance certificates may take up to 3 weeks to upload.",,commissioned,,"-37.8531504,144.9818999"
7,A12,Melbourne,Elizabeth Street,"Elizabeth Street, at the intersection of Elizabeth Street and La Trobe Street, Melbourne",3000,17/12/2025,17/12/2025,Fixed Camera,https://content.vic.gov.au/sites/default/files/2025-12/A12-intersection-of-elizabeth-street-and-latrobe-street-melbourne-camera-cert-171225.pdf,Intersection,Demonstrated accident risk,https://www.vic.gov.au/find-road-safety-camera,-37.8101415,144.9613729,La Trobe Street,17/12/2026,,,"Fixed road safety cameras may detect one or more of the following offences: speed, red light, unregistered vehicles. Please note: Due to required performance analysis and administrative checks, up to date camera test/compliance certificates may take up to 3 weeks to upload.",,commissioned,,"-37.8101415,144.9613729"
10,A17,Caulfield North,Dandenong Road,"Dandenong Road, at the intersection of Dandenong Road and Orrong Road, Caulfield North",3161,2/12/2025,2/12/2025,Fixed Camera,https://content.vic.gov.au/sites/default/files/2025-12/A17KM-caulfield-north-dandenong-road-intersection-of-dandenong-road-and-orrong-road-camera-cert-021225.pdf,Intersection,Demonstrated accident risk,https://www.vic.gov.au/find-road-safety-camera,-37.8604639,145.0106558,Orrong Road,2/12/2026,,,"Fixed road safety cameras may detect one or more of the following offences: speed, red light, unregistered vehicles. Please note: Due to required performance analysis and administrative checks, up to date camera test/compliance certificates may take up to 3 weeks to upload.",,commissioned,,"-37.8604639,145.0106558"
11,A18,Pascoe Vale South,Sussex Street,"Sussex Street, at the intersection of Sussex Street and O'Hea Street, Pascoe Vale South",3044,10/06/2026,10/06/2026,Fixed Camera,https://content.vic.gov.au/sites/default/files/2026-06/A18-pascoe-vale-south-intersection-of-sussex-street-and-ohea-street-camera-cert-100626.pdf,Intersection,Demonstrated accident risk,https://www.vic.gov.au/find-road-safety-camera,-37.736115,144.949003,O'Hea Street,10/06/2027,,,"Fixed road safety cameras may detect one or more of the following offences: speed, red light, unregistered vehicles. Please note: Due to required performance analysis and administrative checks, up to date camera test/compliance certificates may take up to 3 weeks to upload.",,commissioned,,"-37.736115,144.949003"
13,A21S,Deepdene,Burke Road,"Burke Road, at the intersection of Burke Road and Whitehorse Road, Deepdene",3103,31/03/2026,31/03/2026,Fixed Camera,https://content.vic.gov.au/sites/default/files/2026-04/A21S-deepdene-intersection-of-burke-rd-and-whitehorse-rd-camera-cert-310326.pdf,Intersection,Demonstrated accident risk,https://www.vic.gov.au/find-road-safety-camera,-37.81030021,145.0607207,Whitehorse Road,31/03/2027,,,"Fixed road safety cameras may detect one or more of the following offences: speed, red light, unregistered vehicles. Please note: Due to required performance analysis and administrative checks, up to date camera test/compliance certificates may take up to 3 weeks to upload.",,commissioned,,"-37.81030021,145.0607207"
16,A25,Melbourne,Elizabeth Street,"Elizabeth Street, at the intersection of Elizabeth Street and Victoria Street, Melbourne",3000,17/12/2025,17/12/2025,Fixed Camera,https://content.vic.gov.au/sites/default/files/2025-12/A25-elizabeth-street-intersection-of-elizabeth-street-and-victoria-street-melbourne-camera-cert-171225.pdf,Intersection,Demonstrated accident risk,https://www.vic.gov.au/find-road-safety-camera,-37.8060786,144.9595705,Victoria Street,17/12/2026,,,"Fixed road safety cameras may detect one or more of the following offences: speed, red light, unregistered vehicles. Please note: Due to required performance analysis and administrative checks, up to date camera test/compliance certificates may take up to 3 weeks to upload.",,commissioned,,"-37.8060786,144.9595705"
20,A41,Box Hill North,Middleborough Road,"Middleborough Road, at the intersection of Middleborough Road and Eastern Freeway, Box Hill North",3129,19/08/2025,19/08/2025,Fixed Camera,https://content.vic.gov.au/sites/default/files/2025-12/A41-middleborough-box-hill-north-camera-cert-190825.pdf,Intersection,Demonstrated accident risk,https://www.vic.gov.au/find-road-safety-camera,-37.7988497,145.1421525,Eastern Freeway,19/08/2026,,,"Fixed road safety cameras may detect one or more of the following offences: speed, red light, unregistered vehicles. Please note: Due to required performance analysis and administrative checks, up to date camera test/compliance certificates may take up to 3 weeks to upload.",,commissioned,,"-37.7988497,145.1421525"
25,A47,Noble Park,Heatherton Road,"Heatherton Road, at the intersection of Heatherton Road and Corrigan Road, Noble Park",3174,2/03/2026,2/03/2026,Fixed Camera,https://content.vic.gov.au/sites/default/files/2026-05/A47-noble-park-intersection-of-heatherton-road-and-corrigan-road-camera-cert-020326.pdf ,Intersection,Demonstrated accident risk,https://www.vic.gov.au/find-road-safety-camera,-37.9644928,145.1686976,Corrigan Road,2/03/2027,,,"Fixed road safety cameras may detect one or more of the following offences: speed, red light, unregistered vehicles. Please note: Due to required performance analysis and administrative checks, up to date camera test/compliance certificates may take up to 3 weeks to upload.",,commissioned,,"-37.9644928,145.1686976"
30,A56,Surrey Hills,Mont Albert Road,"Mont Albert Road, at the intersection of Mont Albert Road and Union Road, Surrey Hills",3127,1/04/2026,1/04/2026,Fixed Camera,https://content.vic.gov.au/sites/default/files/2026-04/A56-surrey-hills-intersection-of-mont-albert-road-and-union-road-camera-cert-010426.pdf,Intersection,Demonstrated accident risk,https://www.vic.gov.au/find-road-safety-camera,-37.8204019,145.0981877,Union Road,1/04/2027,,,"Fixed road safety cameras may detect one or more of the following offences: speed, red light, unregistered vehicles. Please note: Due to required performance analysis and administrative checks, up to date camera test/compliance certificates may take up to 3 weeks to upload.",,commissioned,,"-37.8204019,145.0981877"
41,A86,Scoresby,Stud Road,"Stud Road, at the intersection of Stud Road and Ferntree Gully Road, Scoresby",3179,11/05/2026,11/05/2026,Fixed Camera,https://content.vic.gov.au/sites/default/files/2026-05/A86-scoresby-stud-road-and-ferntree-gully-road-camera-cert-110526.pdf,Intersection,Demonstrated accident risk,https://www.vic.gov.au/find-road-safety-camera,-37.8994105,145.2329466,Ferntree Gully Road,11/05/2027,,,"Fixed road safety cameras may detect one or more of the following offences: speed, red light, unregistered vehicles. Please note: Due to required performance analysis and administrative checks, up to date camera test/compliance certificates may take up to 3 weeks to upload.",,commissioned,Coming up,"-37.8994105,145.2329466"
42,A89,Templestowe Lower,High Street,"High Street, at the intersection of High Street and Verene Avenue, Templestowe Lower",3107,27/03/2026,27/03/2026,Fixed Camera,https://content.vic.gov.au/sites/default/files/2026-07/A89-templestowe-lower-high-street-intersection-of-high-street-and-verene-avenue-camera-cert-270326.pdf,Intersection,Demonstrated accident risk,https://www.vic.gov.au/find-road-safety-camera,-37.768059,145.118425,Verene Avenue,27/03/2027,,,"Fixed road safety cameras may detect one or more of the following offences: speed, red light, unregistered vehicles. Please note: Due to required performance analysis and administrative checks, up to date camera test/compliance certificates may take up to 3 weeks to upload.",,commissioned,,"-37.768059,145.118425"
49,B14,St Kilda East,Hotham Street,"Hotham Street, at the intersection of Hotham Street and Balaclava Road, St Kilda East",3183,12/03/2026,12/03/2026,Fixed Camera,https://content.vic.gov.au/sites/default/files/2026-04/B14-st-kilda-east-intersection-of-hotham-street-and-balaclava-road-camera-cert-120326.pdf,Intersection,Demonstrated accident risk,https://www.vic.gov.au/find-road-safety-camera,-37.869411,144.999494,Balaclava Road,12/03/2027,,,"Fixed road safety cameras may detect one or more of the following offences: speed, red light, unregistered vehicles. Please note: Due to required performance analysis and administrative checks, up to date camera test/compliance certificates may take up to 3 weeks to upload.",,commissioned,,"-37.869411,144.999494"
53,B23,Surrey Hills,Union Road,"Union Road, at the intersection of Union Road and Mont Albert Road, Surrey Hills",3127,24/08/2026,22/08/2025,Fixed Camera,https://content.vic.gov.au/sites/default/files/2026-09/B23-surrey-hills-intersection-of-union-road-and-mont-albert-road-camera-cert-240826.pdf,Intersection,Demonstrated accident risk,https://www.vic.gov.au/find-road-safety-camera,-37.820345,145.098381,Mont Albert Road,24/08/2027,,,"Fixed road safety cameras may detect one or more of the following offences: speed, red light, unregistered vehicles. Please note: Due to required performance analysis and administrative checks, up to date camera test/compliance certificates may take up to 3 weeks to upload.",,commissioned,,"-37.820345,145.098381"
54,B24,Caulfield North,Hawthorn Road,"Hawthorn Road, at the intersection of Hawthorn Road and Inkerman Road, Caulfield North",3161,27/11/2025,27/11/2025,Fixed Camera,https://content.vic.gov.au/sites/default/files/2025-12/B24-hawthorn-road-intersection-of-hawthorn-road-and-inkerman-road-caulfield-north-camera-cert-271125.pdf,Intersection,Demonstrated accident risk,https://www.vic.gov.au/find-road-safety-camera,-37.869508,145.025328,Inkerman Road,27/11/2026,,,"Fixed road safety cameras may detect one or more of the following offences: speed, red light, unregistered vehicles. Please note: Due to required performance analysis and administrative checks, up to date camera test/compliance certificates may take up to 3 weeks to upload.",,commissioned,,"-37.869508,145.025328"
57,C01,Melbourne,William Street,"William Street, at the intersection of William Street and Flinders Street, Melbourne",3000,9/06/2026,9/06/2026,Fixed Camera,https://content.vic.gov.au/sites/default/files/2026-06/C01-melbourne-intersection-of-william-street-and-flinders-street-camera-cert-090626.pdf,Intersection,Demonstrated accident risk,https://www.vic.gov.au/find-road-safety-camera,-37.8198018,144.959895,Flinders Street,9/06/2027,,,"Fixed road safety cameras may detect one or more of the following offences: speed, red light, unregistered vehicles. Please note: Due to required performance analysis and administrative checks, up to date camera test/compliance certificates may take up to 3 weeks to upload.",,commissioned,,"-37.8198018,144.959895"
59,C03,Melbourne,Flinders Street,"Flinders Street, at the intersection of Flinders Street and William Street, Melbourne",3000,6/03/2026,6/03/2026,Fixed Camera,https://content.vic.gov.au/sites/default/files/2026-03/C03-melbourne-intersection-of-flinders-street-and-william-street-camera-cert-060326.pdf,Intersection,Demonstrated accident risk,https://www.vic.gov.au/find-road-safety-camera,-37.8196285,144.9602692,William Street,6/03/2027,,,"Fixed road safety cameras may detect one or more of the following offences: speed, red light, unregistered vehicles. Please note: Due to required performance analysis and administrative checks, up to date camera test/compliance certificates may take up to 3 weeks to upload.",,commissioned,,"-37.8196285,144.9602692"
60,C04,East Melbourne,Hoddle Street,"Hoddle Street, at the intersection of Hoddle Street and Victoria Parade, East Melbourne",3002,21/05/2026,21/05/2026,Fixed Camera,https://content.vic.gov.au/sites/default/files/2026-06/C04-east-melbourne-hoddle-street-and-victoria-parade-camera-cert-210526.pdf,Intersection,Demonstrated accident risk,https://www.vic.gov.au/find-road-safety-camera,-37.810066,144.99117,Victoria Parade,21/05/2027,,,"Fixed road safety cameras may detect one or more of the following offences: speed, red light, unregistered vehicles. Please note: Due to required performance analysis and administrative checks, up to date camera test/compliance certificates may take up to 3 weeks to upload.",,commissioned,Coming up,"-37.810066,144.99117"
61,C05,Carlton,Victoria Parade,"Victoria Parade, at the intersection of Victoria Parade and Nicholson Street, Carlton",3053,16/06/2026,16/06/2026,Fixed Camera,https://content.vic.gov.au/sites/default/files/2026-06/C05-carlton-intersection-of-victoria-parade-and-nicholson-street-camera-cert-160626.pdf,Intersection,Demonstrated accident risk,https://www.vic.gov.au/find-road-safety-camera,-37.80767,144.973038,Nicholson Street,16/06/2027,,,"Fixed road safety cameras may detect one or more of the following offences: speed, red light, unregistered vehicles. Please note: Due to required performance analysis and administrative checks, up to date camera test/compliance certificates may take up to 3 weeks to upload.",,commissioned,,"-37.80767,144.973038"
62,C06,South Yarra,Alexandra Avenue,"Alexandra Avenue, at the intersection of Alexandra Avenue and Church Street, South Yarra",3141,26/08/2026,26/08/2026,Fixed Camera,https://content.vic.gov.au/sites/default/files/2026-09/C06-alexandra-avenue-intersection-of-alexandra-avenue-and-church-street-south-yarra-camera-cert-26082026.pdf,Intersection,Demonstrated accident risk,https://www.vic.gov.au/find-road-safety-camera,-37.8346689,144.9964079,Church Street,26/08/2027,,,"Fixed road safety cameras may detect one or more of the following offences: speed, red light, unregistered vehicles. Please note: Due to required performance analysis and administrative checks, up to date camera test/compliance certificates may take up to 3 weeks to upload.",,commissioned,,"-37.8346689,144.9964079"
64,C08,East Melbourne,Nicholson Street,"Nicholson Street, at the intersection of Nicholson Street and Victoria Parade, East Melbourne",3002,2/09/2025,2/09/2025,Fixed Camera,https://content.vic.gov.au/sites/default/files/2025-09/C08-nicholson-street-intersection-of-nicholson-street-and-victoria-parade-east-melbourne-camera-cert-020925.pdf,Intersection,Demonstrated accident risk,https://www.vic.gov.au/find-road-safety-camera,-37.8082079,144.9730271,Victoria Parade,2/09/2026,,,"Fixed road safety cameras may detect one or more of the following offences: speed, red light, unregistered vehicles. Please note: Due to required performance analysis and administrative checks, up to date camera test/compliance certificates may take up to 3 weeks to upload.",,commissioned,,"-37.8082079,144.9730271"
68,C14,South Melbourne,Kings Way,"Kings Way, at the intersection of Kings Way and Park Street, South Melbourne",3205,11/02/2026,11/02/2026,Fixed Camera,https://content.vic.gov.au/sites/default/files/2026-03/C14-south-melbourne-intersection-of-kings-way-and-park-street-camera-cert-110226.pdf,Intersection,Demonstrated accident risk,https://www.vic.gov.au/find-road-safety-camera,-37.833242,144.967751,Park Street,11/02/2027,,,"Fixed road safety cameras may detect one or more of the following offences: speed, red light, unregistered vehicles. Please note: Due to required performance analysis and administrative checks, up to date camera test/compliance certificates may take up to 3 weeks to upload.",,commissioned,,"-37.833242,144.967751"
73,C20,Northcote,St Georges Road,"St Georges Road, at the intersection of St Georges Road and Arthurton Road, Northcote",3070,3/02/2026,3/02/2026,Fixed Camera,https://content.vic.gov.au/sites/default/files/2026-02/C20-northcote-intersection-of-stgeorges-road-and-athurton-road-camera-cert-030226.pdf,Intersection,Demonstrated accident risk,https://www.vic.gov.au/find-road-safety-camera,-37.768316,144.991624,Arthurton Road,3/02/2027,,,"Fixed road safety cameras may detect one or more of the following offences: speed, red light, unregistered vehicles. Please note: Due to required performance analysis and administrative checks, up to date camera test/compliance certificates may take up to 3 weeks to upload.",,commissioned,,"-37.768316,144.991624"
75,C23,Wantirna South,High Street Road,"High Street Road, at the intersection of High Street Road and Stud Road, Wantirna South",3152,18/08/2026,18/08/2025,Fixed Camera,https://content.vic.gov.au/sites/default/files/2026-09/C23-wantirna-south-intersection-of-high-street-road-and-stud-road-camera-cert-180826.pdf,Intersection,Demonstrated accident risk,https://www.vic.gov.au/find-road-safety-camera,-37.876893,145.232675,Stud Road,18/08/2027,,,"Fixed road safety cameras may detect one or more of the following offences: speed, red light, unregistered vehicles. Please note: Due to required performance analysis and administrative checks, up to date camera test/compliance certificates may take up to 3 weeks to upload.",,commissioned,,"-37.876893,145.232675"
76,C24,Preston,Bell Street,"Bell Street, at the intersection of Bell Street and Plenty Road, Preston",3072,12/05/2026,12/05/2026,Fixed Camera,https://content.vic.gov.au/sites/default/files/2026-05/C24-preston-intersection-of-bell-street-and-plenty-road-camera-cert-120526.pdf,Intersection,Demonstrated accident risk,https://www.vic.gov.au/find-road-safety-camera,-37.745667,145.006335,Plenty Road,12/05/2027,,,"Fixed road safety cameras may detect one or more of the following offences: speed, red light, unregistered vehicles. Please note: Due to required performance analysis and administrative checks, up to date camera test/compliance certificates may take up to 3 weeks to upload.",,commissioned,Coming up,"-37.745667,145.006335"
83,CDA,Melbourne,Domain Tunnel,"Domain Tunnel, Melbourne, approximately 725 metres after the tunnel entrance",3000,3/02/2026,3/02/2026,Fixed Camera,https://content.vic.gov.au/sites/default/files/2026-02/CDA-melbourne-domain-camera-cert-030226.pdf,Highway,Demonstrated accident risk,https://www.vic.gov.au/find-road-safety-camera,-37.8255482,144.977088,approximately 725 metres after the tunnel entrance,3/02/2027,,,"Fixed road safety cameras may detect one or more of the following offences: speed, red light, unregistered vehicles. Please note: Due to required performance analysis and administrative checks, up to date camera test/compliance certificates may take up to 3 weeks to upload.",,commissioned,,"-37.8255482,144.977088"
85,D01,Shepparton,Wyndham Street,"Wyndham Street, at the intersection of Wyndham Street and High Street, Shepparton",3630,3/07/2026,3/07/2026,Fixed Camera,https://content.vic.gov.au/sites/default/files/2026-07/D01-shepparton-intersection-of-wyndham-st-and-high-st-camera-cert-030726.pdf,Intersection,Demonstrated accident risk,https://www.vic.gov.au/find-road-safety-camera,-36.381242,145.399209,High Street,3/07/2027,,,"Fixed road safety cameras may detect one or more of the following offences: speed, red light, unregistered vehicles. Please note: Due to required performance analysis and administrative checks, up to date camera test/compliance certificates may take up to 3 weeks to upload.",,commissioned,,"-36.381242,145.399209"
86,D02,St Kilda,St Kilda Road,"St Kilda Road, at the intersection of St Kilda Road and Fitzroy Street, St Kilda",3182,16/10/2025,16/10/2025,Fixed Camera,https://content.vic.gov.au/sites/default/files/2025-10/D02-st-kilda-st-kilda-road-intersection-of-st-kilda-road-and-fitzroy-street-camera-cert-161025.pdf,Intersection,Demonstrated accident risk,https://www.vic.gov.au/find-road-safety-camera,-37.85701,144.982538,Fitzroy Street,16/10/2026,,,"Fixed road safety cameras may detect one or more of the following offences: speed, red light, unregistered vehicles. Please note: Due to required performance analysis and administrative checks, up to date camera test/compliance certificates may take up to 3 weeks to upload.",,commissioned,,"-37.85701,144.982538"
91,D08,Rowville,Stud Road,"Stud Road, at the intersection of Stud Road and Wellington Road, Rowville",3178,21/01/2026,21/01/2026,Fixed Camera,https://content.vic.gov.au/sites/default/files/2026-02/D08-rowville-stud-and-wellington-rd-camera-cert-210126.pdf,Intersection,Demonstrated accident risk,https://www.vic.gov.au/find-road-safety-camera,-37.927831,145.23318,Wellington Road,21/01/2027,,,"Fixed road safety cameras may detect one or more of the following offences: speed, red light, unregistered vehicles. Please note: Due to required performance analysis and administrative checks, up to date camera test/compliance certificates may take up to 3 weeks to upload.",,commissioned,,"-37.927831,145.23318"
98,D16,Hampton Park,Hallam Road,"Hallam Road, at the intersection of Hallam Road and Fordholm Road, Hampton Park",3976,27/11/2025,27/11/2025,Fixed Camera,https://content.vic.gov.au/sites/default/files/2025-12/D16-hampton-park-hallam-road-intersection-of-hallam-road-and-fordholm-road-camera-cert-271125.pdf,Intersection,Demonstrated accident risk,https://www.vic.gov.au/find-road-safety-camera,-38.035799,145.267147,Fordholm Road,27/11/2026,,,"Fixed road safety cameras may detect one or more of the following offences: speed, red light, unregistered vehicles. Please note: Due to required performance analysis and administrative checks, up to date camera test/compliance certificates may take up to 3 weeks to upload.",,commissioned,,"-38.035799,145.267147"
104,D22,Sale,York Street,"York Street, at the intersection of York Street and MacArthur Street, Sale",3850,17/02/2026,17/02/2026,Fixed Camera,https://content.vic.gov.au/sites/default/files/2026-03/D22-sale-intersection-of-york-street-and-macarthur-st-camera-cert-170226.pdf,Intersection,Demonstrated accident risk,https://www.vic.gov.au/find-road-safety-camera,-38.105021,147.068176,MacArthur Street,17/02/2027,,,"Fixed road safety cameras may detect one or more of the following offences: speed, red light, unregistered vehicles. Please note: Due to required performance analysis and administrative checks, up to date camera test/compliance certificates may take up to 3 weeks to upload.",,commissioned,,"-38.105021,147.068176"
105,D23,Frankston,Nepean Highway,"Nepean Highway, at the intersection of Nepean Highway and Davey Street, Frankston",3199,22/05/2026,22/05/2026,Fixed Camera,https://content.vic.gov.au/sites/default/files/2026-07/D23-frankston-intersection-of-nepean-hwy-and-davey-st-camera-cert-220526.pdf,Intersection,Demonstrated accident risk,https://www.vic.gov.au/find-road-safety-camera,-38.145179,145.120229,Davey Street,22/05/2027,,,"Fixed road safety cameras may detect one or more of the following offences: speed, red light, unregistered vehicles. Please note: Due to required performance analysis and administrative checks, up to date camera test/compliance certificates may take up to 3 weeks to upload.",,commissioned,Coming up,"-38.145179,145.120229"
108,D26E,Endeavour Hills,Heatherton Road,"Heatherton Road, at the intersection of Heatherton Road and Monash Freeway, Endeavour Hills",3802,24/08/2026,24/08/2026,Fixed Camera,https://content.vic.gov.au/sites/default/files/2026-09/D26E-endeavour-hills-heatherton-rd-intersection-of-heatherton-rd-and-monash-fwy-camera-cert-24082026.pdf,Intersection,Demonstrated accident risk,https://www.vic.gov.au/find-road-safety-camera,-37.972541,145.238106,Monash Freeway,24/08/2027,,,"Fixed road safety cameras may detect one or more of the following offences: speed, red light, unregistered vehicles. Please note: Due to required performance analysis and administrative checks, up to date camera test/compliance certificates may take up to 3 weeks to upload.",,commissioned,,"-37.972541,145.238106"
112,D29,Melbourne,Exhibition Street,"Exhibition Street, at the intersection of Exhibition Street and Victoria Street, Melbourne",3000,6/02/2025,6/02/2025,Fixed Camera,https://content.vic.gov.au/sites/default/files/2025-05/D29-melbourne-intersection-of-exhibition-street-and-victoria-street-camera-cert-060225.pdf,Intersection,Demonstrated accident risk,https://www.vic.gov.au/find-road-safety-camera,-37.807447,144.968754,Victoria Street,6/02/2026,,,"Fixed road safety cameras may detect one or more of the following offences: speed, red light, unregistered vehicles. Please note: Due to required performance analysis and administrative checks, up to date camera test/compliance certificates may take up to 3 weeks to upload.",,commissioned,,"-37.807447,144.968754"
122,D38,Coolaroo,Pascoe Vale Road,"Pascoe Vale Road, at the intersection of Pascoe Vale Road and Reservoir Drive, Coolaroo",3048,6/03/2026,6/03/2026,Fixed Camera,https://content.vic.gov.au/sites/default/files/2026-03/D38-coolaroo-intersection-of-pascoe-vale-rd-and-reservoir-dr-060326.pdf,Intersection,Demonstrated accident risk,https://www.vic.gov.au/find-road-safety-camera,-37.643624,144.929014,Reservoir Drive,6/03/2027,,,"Fixed road safety cameras may detect one or more of the following offences: speed, red light, unregistered vehicles. Please note: Due to required performance analysis and administrative checks, up to date camera test/compliance certificates may take up to 3 weeks to upload.",,commissioned,,"-37.643624,144.929014"
124,D40,Kensington,Macaulay Road,"Macaulay Road, at the intersection of Macaulay Road and Stubbs Street, Kensington",3031,16/01/2024,16/01/2024,Fixed Camera,https://content.vic.gov.au/sites/default/files/2024-05/D40-macauley-rd-intersection-macauley-rd-and-stubbs-st-kensington-camera-cert-160124.pdf,Intersection,Demonstrated accident risk,https://www.vic.gov.au/find-road-safety-camera,-37.79501,144.934964,Stubbs Street,16/01/2025,,,"Fixed road safety cameras may detect one or more of the following offences: speed, red light, unregistered vehicles. Please note: Due to required performance analysis and administrative checks, up to date camera test/compliance certificates may take up to 3 weeks to upload.",,commissioned,Road Works,"-37.79501,144.934964"
127,D43N,Watsonia,Greensborough Highway,"Greensborough Highway, at the intersection of Greensborough Highway and Grimshaw Street, Watsonia",3087,13/11/2023,13/11/2023,Fixed Camera,https://content.vic.gov.au/sites/default/files/2023-11/D43N_Watsonia_intersection-greensborough-hwy-and-grimshaw-street_camera_cert_131123.pdf,Intersection,Demonstrated accident risk,https://www.vic.gov.au/find-road-safety-camera,-37.703365,145.089557,Grimshaw Street,13/11/2024,,,"Fixed road safety cameras may detect one or more of the following offences: speed, red light, unregistered vehicles. Please note: Due to required performance analysis and administrative checks, up to date camera test/compliance certificates may take up to 3 weeks to upload.",,commissioned,Decommissioned,"-37.703365,145.089557"
134,D47N,Kingsbury,Plenty Road,"Plenty Road, at the intersection of Plenty Road and Dunne Street, Kingsbury",3083,4/12/2025,4/12/2025,Fixed Camera,https://content.vic.gov.au/sites/default/files/2025-12/D47N-intersection-of-plenty-rd-and-dunne-st-kingsbury-camera-cert-041225.pdf,Intersection,Demonstrated accident risk,https://www.vic.gov.au/find-road-safety-camera,-37.717053,145.042774,Dunne Street,4/12/2026,,,"Fixed road safety cameras may detect one or more of the following offences: speed, red light, unregistered vehicles. Please note: Due to required performance analysis and administrative checks, up to date camera test/compliance certificates may take up to 3 weeks to upload.",,commissioned,,"-37.717053,145.042774"
138,D50N,Heidelberg,Rosanna Road,"Rosanna Road, at the intersection of Rosanna Road and Darebin Street, Heidelberg",3084,24/03/2026,24/03/2026,Fixed Camera,https://content.vic.gov.au/sites/default/files/2026-04/D50N-heidelberg-intersection-rosanna-road-and-darebin-street-northbound-camera-cert-240326.pdf,Intersection,Demonstrated accident risk,https://www.vic.gov.au/find-road-safety-camera,-37.75475,145.069954,Darebin Street,24/03/2027,,,"Fixed road safety cameras may detect one or more of the following offences: speed, red light, unregistered vehicles. Please note: Due to required performance analysis and administrative checks, up to date camera test/compliance certificates may take up to 3 weeks to upload.",,commissioned,,"-37.75475,145.069954"
140,D51N,Rosanna,Rosanna Road,"Rosanna Road, at the intersection of Rosanna Road and Banyule Road, Rosanna",3084,25/03/2026,25/03/2026,Fixed Camera,https://content.vic.gov.au/sites/default/files/2026-05/D51N-rosanna-intersection-of-rosanna-rd-and-banyule-rd-nthbound-camera-cert-250326.pdf,Intersection,Demonstrated accident risk,https://www.vic.gov.au/find-road-safety-camera,-37.742891,145.072396,Banyule Road,25/03/2027,,,"Fixed road safety cameras may detect one or more of the following offences: speed, red light, unregistered vehicles. Please note: Due to required performance analysis and administrative checks, up to date camera test/compliance certificates may take up to 3 weeks to upload.",,commissioned,,"-37.742891,145.072396"
141,D51S,Rosanna,Rosanna Road,"Rosanna Road, at the intersection of Rosanna Road and Banyule Road, Rosanna",3084,25/03/2026,25/03/2026,Fixed Camera,https://content.vic.gov.au/sites/default/files/2026-05/D51S-rosanna-intersection-of-rosanna-rd-and-banyule-rd-sthbound-camera-cert-250326.pdf,Intersection,Demonstrated accident risk,https://www.vic.gov.au/find-road-safety-camera,-37.7427,145.0726,Banyule Road,25/03/2027,,,"Fixed road safety cameras may detect one or more of the following offences: speed, red light, unregistered vehicles. Please note: Due to required performance analysis and administrative checks, up to date camera test/compliance certificates may take up to 3 weeks to upload.",,commissioned,,"-37.7427,145.0726"
143,D53,Melton,Coburns Road,"Coburns Road, at the intersection of Coburns Road and Barries Road, Melton",3357,28/11/2025,28/11/2025,Fixed Camera,https://content.vic.gov.au/sites/default/files/2025-12/D53-melton-coburns-road-intersection-of-coburns-road-and-barries-road-camera-cert-281125.pdf,Intersection,Demonstrated accident risk,https://www.vic.gov.au/find-road-safety-camera,-37.687589,144.567658,Barries Road,28/11/2026,,,"Fixed road safety cameras may detect one or more of the following offences: speed, red light, unregistered vehicles. Please note: Due to required performance analysis and administrative checks, up to date camera test/compliance certificates may take up to 3 weeks to upload.",,commissioned,,"-37.687589,144.567658"
153,D65,St Albans,Taylors Road,"Taylors Road, at the intersection of Taylors Road and Arthur Street, St Albans",3021,12/08/2026,12/08/2025,Fixed Camera,https://content.vic.gov.au/sites/default/files/2026-09/D65-st-albans-intersection-of-taylors-road-and-arthur-street-camera-cert-120826.pdf,Intersection,Demonstrated accident risk,https://www.vic.gov.au/find-road-safety-camera,-37.729164,144.811049,Arthur Street,12/08/2027,,,"Fixed road safety cameras may detect one or more of the following offences: speed, red light, unregistered vehicles. Please note: Due to required performance analysis and administrative checks, up to date camera test/compliance certificates may take up to 3 weeks to upload.",,commissioned,,"-37.729164,144.811049"
160,D74,Roxburgh Park,Pascoe Vale Road,"Pascoe Vale Road, at the intersection of Pascoe Vale Road and Somerton Road, Roxburgh Park",3064,5/03/2026,5/03/2026,Fixed Camera,https://content.vic.gov.au/sites/default/files/2026-03/D74-roxburgh-park-intersection-of-pascoe-vale-road-and-somerton-road-camera-cert-050326.pdf,Intersection,Demonstrated accident risk,https://www.vic.gov.au/find-road-safety-camera,-37.640522,144.928891,Somerton Road,5/03/2027,,,"Fixed road safety cameras may detect one or more of the following offences: speed, red light, unregistered vehicles. Please note: Due to required performance analysis and administrative checks, up to date camera test/compliance certificates may take up to 3 weeks to upload.",,commissioned,,"-37.640522,144.928891"
169,D82S,Clayton,Princes Highway,"Princes Highway, at the intersection of Princes Highway and Westall Road, Clayton",3168,17/08/2026,15/08/2025,Fixed Camera,https://content.vic.gov.au/sites/default/files/2026-09/D82S-clayton-princes-hwy-and-westall-rd-clayton-camera-cert-170826.pdf,Intersection,Demonstrated accident risk,https://www.vic.gov.au/find-road-safety-camera,-37.92430617,145.1434816,Westall Road,17/08/2027,,,"Fixed road safety cameras may detect one or more of the following offences: speed, red light, unregistered vehicles. Please note: Due to required performance analysis and administrative checks, up to date camera test/compliance certificates may take up to 3 weeks to upload.",,commissioned,,"-37.92430617,145.1434816"
187,F06,Oakleigh,Warrigal Road,"Warrigal Road, at the intersection of Warrigal Road and North Road, Oakleigh",3166,13/10/2025,13/10/2025,Fixed Camera,https://content.vic.gov.au/sites/default/files/2025-10/F06-oakleigh-intersection-of-warrigal-road-and-north-road-camera-cert-131025.pdf,Intersection,Demonstrated accident risk,https://www.vic.gov.au/find-road-safety-camera,-37.909343,145.085116,North Road,13/10/2026,,,"Fixed road safety cameras may detect one or more of the following offences: speed, red light, unregistered vehicles. Please note: Due to required performance analysis and administrative checks, up to date camera test/compliance certificates may take up to 3 weeks to upload.",,commissioned,,"-37.909343,145.085116"
193,F12,Collingwood,Hoddle Street,"Hoddle Street, at the intersection of Hoddle Street and Johnston Street, Collingwood",3066,1/05/2026,1/05/2026,Fixed Camera,https://content.vic.gov.au/sites/default/files/2026-05/F12KM-collingwood-hoddle-st-and-johnston-st-camera-cert-010526.pdf,Intersection,Demonstrated accident risk,https://www.vic.gov.au/find-road-safety-camera,-37.799962,144.992834,Johnston Street,1/05/2027,,,"Fixed road safety cameras may detect one or more of the following offences: speed, red light, unregistered vehicles. Please note: Due to required performance analysis and administrative checks, up to date camera test/compliance certificates may take up to 3 weeks to upload.",,commissioned,,"-37.799962,144.992834"
212,F26N,Malvern East,Warrigal Road,"Warrigal Road, at the intersection of Warrigal Road and Batesford Road, Malvern East",3145,1/09/2025,1/09/2025,Fixed Camera,https://content.vic.gov.au/sites/default/files/2025-09/F26NKM-intersection-warrigal-road-and-batesford-road-malvern-east-camera-cert-010925.pdf,Intersection,Demonstrated accident risk,https://www.vic.gov.au/find-road-safety-camera,-37.875618,145.091495,Batesford Road,1/09/2026,,,"Fixed road safety cameras may detect one or more of the following offences: speed, red light, unregistered vehicles. Please note: Due to required performance analysis and administrative checks, up to date camera test/compliance certificates may take up to 3 weeks to upload.",,commissioned,,"-37.875618,145.091495"
214,F28,Kew,Denmark Street,"Denmark Street, at the intersection of Denmark Street and Barkers Road, Kew",3101,30/07/2026,30/07/2026,Fixed Camera,https://content.vic.gov.au/sites/default/files/2025-08/F28_kew_intersection_of_denmark_street_barkers_road_camera_cert_310725.pdf,Intersection,Demonstrated accident risk,https://www.vic.gov.au/find-road-safety-camera,-37.813527,145.02794,Barkers Road,30/07/2027,,,"Fixed road safety cameras may detect one or more of the following offences: speed, red light, unregistered vehicles. Please note: Due to required performance analysis and administrative checks, up to date camera test/compliance certificates may take up to 3 weeks to upload.",,commissioned,,"-37.813527,145.02794"
215,F29,Carlton,Nicholson Street,"Nicholson Street, at the intersection of Nicholson Street and Elgin Street, Carlton",3053,28/10/2025,28/10/2025,Fixed Camera,https://content.vic.gov.au/sites/default/files/2025-03/F29_carlton_nicholson-street-and-elgin-street_camera-cert_311024.pdf,Intersection,Demonstrated accident risk,https://www.vic.gov.au/find-road-safety-camera,-37.798099,144.974762,Elgin Street,28/10/2026,,,"Fixed road safety cameras may detect one or more of the following offences: speed, red light, unregistered vehicles. Please note: Due to required performance analysis and administrative checks, up to date camera test/compliance certificates may take up to 3 weeks to upload.",,commissioned,,"-37.798099,144.974762"
218,F32,Parkville,Royal Parade,"Royal Parade, at the intersection of Royal Parade and Gatehouse Street, Parkville",3052,8/05/2026,8/05/2026,Fixed Camera,https://content.vic.gov.au/sites/default/files/2026-07/F32-parkville-intersection-of-royal-parade-and-gatehouse-street-camera-cert-080526.pdf,Intersection,Demonstrated accident risk,https://www.vic.gov.au/find-road-safety-camera,-37.792697,144.958233,Gatehouse Street,8/05/2027,,,"Fixed road safety cameras may detect one or more of the following offences: speed, red light, unregistered vehicles. Please note: Due to required performance analysis and administrative checks, up to date camera test/compliance certificates may take up to 3 weeks to upload.",,commissioned,,"-37.792697,144.958233"
222,F35,South Yarra,Punt Road,"Punt Road, at the intersection of Punt Road and Toorak Road, South Yarra",3141,9/12/2025,9/12/2025,Fixed Camera,https://content.vic.gov.au/sites/default/files/2025-12/F35-intersection-of-punt-road-and-toorak-road-south-yarra-camera-cert-091225.pdf,Intersection,Demonstrated accident risk,https://www.vic.gov.au/find-road-safety-camera,-37.838438,144.98646,Toorak Road,9/12/2026,,,"Fixed road safety cameras may detect one or more of the following offences: speed, red light, unregistered vehicles. Please note: Due to required performance analysis and administrative checks, up to date camera test/compliance certificates may take up to 3 weeks to upload.",,commissioned,SmartCam Upgrade,"-37.838438,144.98646"
223,F36,Bayswater North,Dorset Road,"Dorset Road, at the intersection of Dorset Road and Canterbury Road, Bayswater North",3153,20/04/2026,20/04/2026,Fixed Camera,https://content.vic.gov.au/sites/default/files/2026-04/F36-bayswater-northdorset-rd-and-canterbury-rd-camera-cert-200426.pdf,Intersection,Demonstrated accident risk,https://www.vic.gov.au/find-road-safety-camera,-37.825814,145.287714,Canterbury Road,20/04/2027,,,"Fixed road safety cameras may detect one or more of the following offences: speed, red light, unregistered vehicles. Please note: Due to required performance analysis and administrative checks, up to date camera test/compliance certificates may take up to 3 weeks to upload.",,commissioned,,"-37.825814,145.287714"
231,F43S,Thornbury,St Georges Road,"St Georges Road, at the intersection of St Georges Road and Normanby Avenue, Thornbury",3071,4/12/2025,4/12/2025,Fixed Camera,https://content.vic.gov.au/sites/default/files/2025-12/F43S-intersection-st-georges-rd-and-normanby-avenue-thornbury-camera-cert-041225.pdf,Intersection,Demonstrated accident risk,https://www.vic.gov.au/find-road-safety-camera,-37.758649,144.993609,Normanby Avenue,4/12/2026,,,"Fixed road safety cameras may detect one or more of the following offences: speed, red light, unregistered vehicles. Please note: Due to required performance analysis and administrative checks, up to date camera test/compliance certificates may take up to 3 weeks to upload.",,commissioned,,"-37.758649,144.993609"
237,F47,Bendigo,High Street,"High Street, at the intersection of High Street and Don Street, Bendigo",3550,8/04/2026,8/04/2026,Fixed Camera,https://content.vic.gov.au/sites/default/files/2026-04/F47-bendigo-intersection-of-high-street-and-don-street-camera-cert-080426.pdf,Intersection,Demonstrated accident risk,https://www.vic.gov.au/find-road-safety-camera,-36.763527,144.270405,Don Street,8/04/2027,,,"Fixed road safety cameras may detect one or more of the following offences: speed, red light, unregistered vehicles. Please note: Due to required performance analysis and administrative checks, up to date camera test/compliance certificates may take up to 3 weeks to upload.",,commissioned,,"-36.763527,144.270405"
244,F54,Ripponlea,Brighton Road,"Brighton Road, at the intersection of Brighton Road and Glen Eira Road, Ripponlea",3185,5/02/2026,5/02/2026,Fixed Camera,https://content.vic.gov.au/sites/default/files/2026-02/F54-ripponlea-intersection-of-brighton-road-and-glen-eira-road-camera-cert-050226.pdf,Intersection,Demonstrated accident risk,https://www.vic.gov.au/find-road-safety-camera,-37.876139,144.992413,Glen Eira Road,5/02/2027,,,"Fixed road safety cameras may detect one or more of the following offences: speed, red light, unregistered vehicles. Please note: Due to required performance analysis and administrative checks, up to date camera test/compliance certificates may take up to 3 weeks to upload.",,commissioned,,"-37.876139,144.992413"
252,F62,Belmont,Settlement Road,"Settlement Road, at the intersection of Settlement Road and Torquay Road , Belmont",3216,14/01/2026,14/01/2026,Fixed Camera,https://content.vic.gov.au/sites/default/files/2026-01/F62-belmont-intersection-of-settlement-rd-and-torquay-rd-belmont-camera-cert-140126.pdf,Intersection,Demonstrated accident risk,https://www.vic.gov.au/find-road-safety-camera,-38.182314,144.344646,Torquay Road ,14/01/2027,,,"Fixed road safety cameras may detect one or more of the following offences: speed, red light, unregistered vehicles. Please note: Due to required performance analysis and administrative checks, up to date camera test/compliance certificates may take up to 3 weeks to upload.",,commissioned,,"-38.182314,144.344646"
253,F63,South Geelong,Moorabool Street,"Moorabool Street, at the intersection of Moorabool Street and Fyans Street , South Geelong",3220,11/11/2025,11/11/2025,Fixed Camera,https://content.vic.gov.au/sites/default/files/2026-05/F63-south-geelong-intersection-of-moorabool-st-and-fyans-st-camera-cert-111125.pdf,Intersection,Demonstrated accident risk,https://www.vic.gov.au/find-road-safety-camera,-38.161812,144.354008,Fyans Street ,11/11/2026,,,"Fixed road safety cameras may detect one or more of the following offences: speed, red light, unregistered vehicles. Please note: Due to required performance analysis and administrative checks, up to date camera test/compliance certificates may take up to 3 weeks to upload.",,commissioned,Coming up,"-38.161812,144.354008"
264,F72,Balwyn,Balwyn Road,"Balwyn Road, at the intersection of Balwyn Road and Whitehorse Road, Balwyn",3103,18/11/2025,18/11/2025,Fixed Camera,https://content.vic.gov.au/sites/default/files/2025-12/F72-balwyn-intersection-balwyn-road-and-whitehorse-road-camera-cert-181125.pdf,Intersection,Demonstrated accident risk,https://www.vic.gov.au/find-road-safety-camera,-37.812942,145.081288,Whitehorse Road,18/11/2026,,,"Fixed road safety cameras may detect one or more of the following offences: speed, red light, unregistered vehicles. Please note: Due to required performance analysis and administrative checks, up to date camera test/compliance certificates may take up to 3 weeks to upload.",,commissioned,,"-37.812942,145.081288"
273,F81,Kew,Charles Street,"Charles Street, at the intersection of Charles Street and Cotham Road, Kew",3101,29/10/2025,29/10/2025,Fixed Camera,https://content.vic.gov.au/sites/default/files/2025-11/F81-kew-charles-street-and-cotham-road-camera-cert-291025.pdf,Intersection,Demonstrated accident risk,https://www.vic.gov.au/find-road-safety-camera,-37.807488,145.035366,Cotham Road,29/10/2026,,,"Fixed road safety cameras may detect one or more of the following offences: speed, red light, unregistered vehicles. Please note: Due to required performance analysis and administrative checks, up to date camera test/compliance certificates may take up to 3 weeks to upload.",,commissioned,,"-37.807488,145.035366"
282,GD,Avalon,"Princes Freeway, Geelong Bound","Princes Freeway, Geelong Bound, Avalon, Avalon Road Bridge",3212,2/10/2025,2/10/2025,Fixed Camera,https://content.vic.gov.au/sites/default/files/2025-10/GD-GLR-avalon-road-bridge-sb-camera-cert-021025.pdf,Freeway,Demonstrated accident risk,https://www.vic.gov.au/find-road-safety-camera,-38.0306336,144.4307435,Avalon Road Bridge,2/10/2026,,,"Point-to-point safety cameras consist of a network of two or more cameras that work together as a system. They are placed at individual points along a stretch of road and can calculate whether a vehicle is speeding between the camera locations. Please note: Due to required performance analysis and administrative checks, up to date camera test/compliance certificates may take up to 3 weeks to upload.",,commissioned,,"-38.0306336,144.4307435"
286,H18N,Epping,"Hume Freeway, Northbound","Hume Freeway, Northbound, Epping, 52 Metres South of Oherns Road",3076,27/11/2025,27/11/2025,Fixed Camera,https://content.vic.gov.au/sites/default/files/2025-12/H18N-hume-freeway-epping-northbound-camera-cert-271125.pdf,Point-to-point,Demonstrated accident risk,https://www.vic.gov.au/find-road-safety-camera,-37.6343967,144.993308,52 Metres South of Oherns Road,27/11/2026,,,"Point-to-point safety cameras consist of a network of two or more cameras that work together as a system. They are placed at individual points along a stretch of road and can calculate whether a vehicle is speeding between the camera locations. Please note: Due to required performance analysis and administrative checks, up to date camera test/compliance certificates may take up to 3 weeks to upload.",,commissioned,,"-37.6343967,144.993308"
293,H47S,Wallan East,"Hume Freeway, Southbound","Hume Freeway, Southbound, Wallan East, Adjacent to Station Street",3756,4/06/2026,4/06/2026,Fixed Camera,https://content.vic.gov.au/sites/default/files/2026-07/H47S-hume-freeway-wallan-east-southbound-camera-cert-040626.pdf,Point-to-point,Demonstrated accident risk,https://www.vic.gov.au/find-road-safety-camera,-37.4105408,145.005793,Adjacent to Station Street,4/06/2027,,,"Fixed road safety cameras may detect one or more of the following offences: speed, red light, unregistered vehicles. Please note: Due to required performance analysis and administrative checks, up to date camera test/compliance certificates may take up to 3 weeks to upload.",,commissioned,,"-37.4105408,145.005793"
296,H99N,Seymour,"Hume Freeway, Northbound","Hume Freeway, Northbound, Seymour, 240 Metres East of Goulburn Valley Highway",3660,10/04/2026,10/04/2026,Fixed Camera,https://content.vic.gov.au/sites/default/files/2026-04/H99N-hume-freeway-and-goulburn-valley-highway-camera-cert-100426.pdf,Point-to-point,Demonstrated accident risk,https://www.vic.gov.au/find-road-safety-camera,-36.983454,145.145663,240 Metres East of Goulburn Valley Highway,10/04/2027,,,"Point-to-point safety cameras consist of a network of two or more cameras that work together as a system. They are placed at individual points along a stretch of road and can calculate whether a vehicle is speeding between the camera locations. Please note: Due to required performance analysis and administrative checks, up to date camera test/compliance certificates may take up to 3 weeks to upload.",,commissioned,,"-36.983454,145.145663"
302,PL17N,Frankston,"Peninsula Link Freeway, Northbound","Peninsula Link Freeway, Northbound, Frankston, Skye Road Bridge",3199,5/02/2026,5/02/2026,Fixed Camera,https://content.vic.gov.au/sites/default/files/2026-02/PL17N-peninsula-link-skye-rd-bridge-northbound-inst-camera-cert-050226.pdf,Point-to-point,Demonstrated accident risk,https://www.vic.gov.au/find-road-safety-camera,-38.141498,145.172941,Skye Road Bridge,5/02/2027,,,"Point-to-point safety cameras consist of a network of two or more cameras that work together as a system. They are placed at individual points along a stretch of road and can calculate whether a vehicle is speeding between the camera locations. Please note: Due to required performance analysis and administrative checks, up to date camera test/compliance certificates may take up to 3 weeks to upload.",,commissioned,,"-38.141498,145.172941"
311,WD,Sunshine West,"Western Ring Road, Southbound","Western Ring Road, Southbound, Sunshine West, Boundary Road, North Side Gantry",3020,10/10/2025,10/10/2025,Fixed Camera,https://content.vic.gov.au/sites/default/files/2025-10/WD-sunshine-west-wrr-boundary-road-camera-cert-101025.pdf,Freeway,Demonstrated accident risk,https://www.vic.gov.au/find-road-safety-camera,-37.8123263,144.8080987,"Boundary Road, North Side Gantry",10/10/2026,,,"Fixed road safety cameras may detect one or more of the following offences: speed, red light, unregistered vehicles. Please note: Due to required performance analysis and administrative checks, up to date camera test/compliance certificates may take up to 3 weeks to upload.",,commissioned,Long Term Deact,"-37.8123263,144.8080987"
313,WF,Keilor East,"Western Ring Road, Northbound","Western Ring Road, Northbound, Keilor East, approximately 500 metres South of Keilor Park Drive",3033,6/02/2026,6/02/2026,Fixed Camera,https://content.vic.gov.au/sites/default/files/2026-04/wrr-keilor-park-drive-bridge-nb-keilor-east-WFABC-camera-cert-060226_0.pdf,Freeway,Demonstrated accident risk,https://www.vic.gov.au/find-road-safety-camera,-37.741798,144.847148,approximately 500 metres South of Keilor Park Drive,6/02/2027,,,"Fixed road safety cameras may detect one or more of the following offences: speed, red light, unregistered vehicles. Please note: Due to required performance analysis and administrative checks, up to date camera test/compliance certificates may take up to 3 weeks to upload.",,commissioned,Long Term Deact,"-37.741798,144.847148"
314,WG,Deer Park,"Western Ring Road, Northbound","Western Ring Road, Northbound, Deer Park, approximately 650 metres South of Ballarat Road",3023,5/08/2026,5/08/2026,Fixed Camera,https://content.vic.gov.au/sites/default/files/2026-09/WG-wrr-deerpark-nb-approximately-650m-south-of-ballarat-rd-camera-cert-05082026.pdf,Freeway,Demonstrated accident risk,https://www.vic.gov.au/find-road-safety-camera,-37.775566,144.793925,approximately 650 metres South of Ballarat Road,5/08/2027,,,"Fixed road safety cameras may detect one or more of the following offences: speed, red light, unregistered vehicles. Please note: Due to required performance analysis and administrative checks, up to date camera test/compliance certificates may take up to 3 weeks to upload.",,commissioned,,"-37.775566,144.793925"
315,WH,Laverton North,"Western Ring Road, Northbound","Western Ring Road, Northbound, Laverton North, Boundary Road, South Side Gantry",3026,22/03/2024,22/03/2024,Fixed Camera,https://content.vic.gov.au/sites/default/files/2024-04/WH-wrr-boundary-rd-laverton-north-nb-southsidegantry-camera-cert-220324.pdf,Freeway,Demonstrated accident risk,https://www.vic.gov.au/find-road-safety-camera,-37.8193706,144.8093352,"Boundary Road, South Side Gantry",22/03/2025,,,"Fixed road safety cameras may detect one or more of the following offences: speed, red light, unregistered vehicles. Please note: Due to required performance analysis and administrative checks, up to date camera test/compliance certificates may take up to 3 weeks to upload.",,commissioned,Long Term Deact,"-37.8193706,144.8093352"
320,H138N,Euroa,"Hume Freeway, Northbound","Hume Freeway, Northbound, Euroa, 70 Metres Northeast of Creightons Siding Road",3666,13/04/2026,13/04/2026,Fixed Camera,https://content.vic.gov.au/sites/default/files/2026-04/H138N-euroa-hume-freeway-and-70-metres-northeast-of-creightons-siding-road-camera-cert-130426.pdf,Freeway,Demonstrated accident risk,https://www.vic.gov.au/find-road-safety-camera,-36.791075,145.487759,70 Metres Northeast of Creightons Siding Road,13/04/2027,,,"Point-to-point safety cameras consist of a network of two or more cameras that work together as a system. They are placed at individual points along a stretch of road and can calculate whether a vehicle is speeding between the camera locations. Please note: Due to required performance analysis and administrative checks, up to date camera test/compliance certificates may take up to 3 weeks to upload.",,commissioned,Upcoming,"-36.791075,145.487759"
323,P02W,Deer Park,Ballarat Road,"Ballarat Road, at the intersection of Ballarat Road and approximately 40m Southeast of Meager Street, Deer Park",3023,5/05/2026,5/05/2026,Fixed Camera,https://content.vic.gov.au/sites/default/files/2026-05/P02W-deerpark-ballarat-rd-approx-40m-southeast-of-meager-st-camera-cert-050526.pdf,Intersection,Demonstrated accident risk,https://www.vic.gov.au/find-road-safety-camera,-37.768778,144.768594,approximately 40m Southeast of Meager Street,5/05/2027,,,"Fixed road safety cameras may detect one or more of the following offences: speed, red light, unregistered vehicles. Please note: Due to required performance analysis and administrative checks, up to date camera test/compliance certificates may take up to 3 weeks to upload.",,commissioned,Coming up,"-37.768778,144.768594"
330,GV33N,Wahring,Goulburn Valley Freeway,"Goulburn Valley Freeway, Wahring, approximately, 580 meters North of Moss Rd, Wahring",3608,19/05/2026,19/05/2026,Fixed Camera,https://content.vic.gov.au/sites/default/files/2026-05/GV33N-goulburn-valley-freeway-and-580-metres-north-of-moss-road-wahring-camera-cert-190526.pdf,Freeway,Demonstrated accident risk,https://www.vic.gov.au/find-road-safety-camera,-36.70242,145.20317,"approximately, 580 meters North of Moss Rd, Wahring",19/05/2027,,,,,,,"-36.70242,145.20317"
335,M152E,Morwell,Princes Freeway,"Princes Freeway, Morwell, Princes Freeway East & 120 Metres East of Tramway Road",3840,20/04/2026,20/04/2026,Fixed Camera,https://content.vic.gov.au/sites/default/files/2026-09/M152E-morwell-princes-freeway-east-and-120-metres-east-of-tramway-road-camera-cert-20042026.pdf,Freeway,Demonstrated accident risk,https://www.vic.gov.au/find-road-safety-camera,-38.244671,146.437909,"Princes Freeway East & 120 Metres East of Tramway Road, MORWELL",20/04/2027,,,,,,,"-38.244671,146.437909"
